UTM campaign,UTM term,Landing page URL,Online store visitors,Pageviews,Sessions that reached checkout,Sessions that completed checkout,Sessions with cart additions,Average session duration,Online store visitors (previous_period),Pageviews (previous_period),Sessions that reached checkout (previous_period),Sessions that completed checkout (previous_period),Sessions with cart additions (previous_period),Average session duration (previous_period)
BOF | DPA,ATC/VC,https://vibewithmoi.in/products/eve-gold-and-diamond-hoops/?variant=51171517464883&utm_source=fb&utm_medium=paid&utm_campaign=BOF+%7C+DPA&utm_content=DPA&utm_term=ATC%2FVC&placement=Facebook_Mobile_Feed&utm_id=23856414138770674_v2_s03&fbclid=IwZXh0bgNhZW0BMABhZGlkAasW3S7C7uMBHitSa9gynG9kAWZs89OdoPdRiiNz07CyqiwkpONsHASR3Vc2WXireIKT9ZW__aem_66h4su_7JIIOmaiDi3KJcQ&campaign_id=23856414138770674&ad_id=23856414139330674,0,0,0,0,0,,2,5,0,0,0,6.5
BOF | DPA,ATC/VC_1 Day,https://vibewithmoi.in/products/eve-gold-and-diamond-hoops/?variant=51171517464883&utm_source=fb&utm_medium=paid&utm_campaign=BOF+%7C+DPA&utm_content=DPA&utm_term=ATC%2FVC_1+Day&placement=Facebook_Mobile_Feed&utm_id=23856414138770674_v2_s03&fbclid=IwYW9leAMi1jRleHRuA2FlbQEwAGFkaWQBqxUEqmHUYwEeBCVy0J4zxfj5fNwCSgB_PrG87eo54eQg0zS8z6Ds9X4lJi4BpbY8htysXic_aem_HfL7HblHy4uil3nAJvh7kQ&campaign_id=23856414138770674&ad_id=120209463877600675,1,1,0,0,0,0.0,1,1,0,0,0,0.0
BOF | DPA,ATC/VC_180 Days,https://vibewithmoi.in/products/daphne-necklace-with-malachite-bars-rose-cut-accents-and-gold-chain/?variant=52326945980723&utm_source=facebook&utm_medium=paid&utm_campaign=BOF+%7C+DPA&utm_content=DPA&utm_term=ATC%2FVC_180+Days&placement=Instagram_Feed&utm_id=23856414138770674_v2_s07_e7318&campaign_id=23856414138770674&ad_id=120211725293070675,8,14,0,0,0,,2,2,0,0,0,
BOF | DPA,ATC/VC_30 Days,https://vibewithmoi.in/products/miray-silver-and-diamond-bracelet/?variant=34894314930221&utm_source=fb&utm_medium=paid&utm_campaign=BOF+%7C+DPA&utm_content=DPA&utm_term=ATC%2FVC_30+Days&placement=Facebook_Mobile_Feed&utm_id=23856414138770674_v2_s01&fbclid=IwZXh0bgNhZW0BMABhZGlkAasnSy0rasMBHib-f1Uiu5Ai2MG9_UefgGrJE3gAcCKYjRAAeUMMKyDvdfK9WxkWVG_OURNi_aem_uti2GCiQxTRd_DX7Ag-9Nw&campaign_id=23856414138770674&ad_id=23856414139330674,1,1,0,0,0,0.0,0,0,0,0,0,
BOF | DPA,VC,https://vibewithmoi.in/products/clara-necklace-with-green-amethyst-sapphire-and-tsavorite-tawiz-units?variant=41985683882047&utm_source=ig&utm_medium=paid&utm_campaign=BOF+%7C+DPA&utm_content=DPA&utm_term=VC+&placement=Instagram_Feed&utm_id=120224750628680313_v2_s11_e7378&fbclid=PAQ0xDSwMvkb5leHRuA2FlbQEwAGFkaWQBqyFo3mKdiQGntqGZnM3po1hdAUhrFQ3QpD2qdM_uqvx3GSe-BoB6zlKYGo3h6PstcPhuvRU_aem_ykBZpFZ_-M2_cbqsFwdtQw&campaign_id=120224750628680313&ad_id=120224910558280313,1,2,0,0,0,,1,3,0,0,0,
BOF | DPA,VC ,https://vibewithmoi.in/products/dakota-gold-diamond-and-amethyst-mini-earrings?variant=41538036367423&utm_source=ig&utm_medium=paid&utm_campaign=BOF%20|%20DPA&utm_content=DPA&utm_term=VC%20&%20ATC_14%20Days%20-%20IG&placement=Instagram_Reels&utm_id=23856507113650312_v2_s66_e14_i20250920&fbclid=PAZXh0bgNhZW0BMABhZGlkAashaQEnrWkBp3Pzz30sttmBBmoqh7HugxmoWLmbb97ovCQ-FOdHH4QN1tgkq1LMxgHmXgr4_aem_bf1RXM2rp7pyY3_XV4SYeg&campaign_id=23856507113650312&ad_id=23856527722090312,4992,9139,6,0,18,,4143,7837,3,0,12,
BOF | DPA,VC & ATC_1 Day - FB,https://vibewithmoi.in/products/shakti-gold-diamond-and-gemstone-necklace?variant=39999401787455&utm_source=fb&utm_medium=paid&utm_campaign=BOF%20%7C%20DPA&utm_content=DPA&utm_term=VC%20%26%20ATC_1%20Day%20-%20FB&placement=Facebook_Mobile_Feed&utm_id=23856507113650312_v2_s12_e7383&fbclid=IwdGRzaAM6SgBleHRuA2FlbQEwAGFkaWQBqxVMUj0yyQEeuJQnztUpzM1fa5KmomRRZKbLtKndajFTq_7svpgSQ58DKThONavq_fs6dm0_aem_wA9Fxr2lNKdHAx_LB9AMVg&campaign_id=23856507113650312&ad_id=120208891502090313&sfnsn=wiwspwa,1015,2099,1,0,4,,1168,2310,1,1,5,
BOF | DPA,VC & ATC_1 Day - IG,https://vibewithmoi.in/products/elanor-gold-and-diamond-ear-studs?variant=41537201209407&utm_source=ig&utm_medium=paid&utm_campaign=BOF+%7C+DPA&utm_content=DPA&utm_term=VC+%26+ATC_1+Day+-+IG&placement=Instagram_Feed&utm_id=23856507113650312_v2_s02_e283&fbclid=PAZXh0bgNhZW0BMABhZGlkAashaQFG9TkBp2SfneQCMJMQzqdugA8i34PA7OnKiAdGL20Inpp72JvdkY7y7nsdX-QS707-_aem_5mcsdGOAttnMKnrBTPPjrQ&campaign_id=23856507113650312&ad_id=120208891502100313#MainContent,1412,2712,7,0,14,,1560,3209,4,0,13,
BOF | DPA,VC & ATC_1 Day - IGi,https://vibewithmoi.in/products/adele-gold-diamond-and-emerald-earrings?variant=40304668016703&utm_source=ig&utm_medium=paid&utm_campaign=BOF+%7C+DPA&utm_content=DPA&utm_term=VC+%26+ATC_1+Day+-+IGi&placement=Instagram_Feed&utm_id=120224750628680313_v2_s05_e7379_c1&fbclid=PAZnRzaAMx3z5leHRuA2FlbQEwAGFkaWQBqyFo3rNVmQGnPe2NRLWr7uStLdqJAwF5aJ1EBPpUZCitbT9qR5z6ZLejCOkMWmC38BOJDOY_aem_izLu1DrJlhbP_cbjI9rffw&campaign_id=120224750628680313&ad_id=120224750628670313,1220,2511,2,1,4,,873,2018,3,0,8,
BOF | DPA,VC & ATC_14 Days - FB,https://vibewithmoi.in/products/cairo-gold-silver-diamond-and-purple-amethyst-earrings?variant=41375212929087&utm_source=fb&utm_medium=paid&utm_campaign=BOF+%7C+DPA&utm_content=DPA&utm_term=VC+%26+ATC_14+Days+-+FB&placement=Facebook_Mobile_Feed&campaign_id=23856507113650312&ad_id=23856527722080312&utm_id=23856507113650312_v2_s07_e7347,3047,5778,5,0,11,,2174,4140,6,0,15,
BOF | DPA,VC & ATC_14 Days - IG,https://vibewithmoi.in/products/iris-gold-diamond-and-sapphires-bracelet?variant=40433588240447&utm_source=ig&utm_medium=paid&utm_campaign=BOF+%7C+DPA&utm_content=DPA&utm_term=VC+%26+ATC_14+Days+-+IG&placement=Instagram_Feed&campaign_id=23856507181190312&ad_id=23856527722090312,2882,4936,1,0,5,,2697,4491,3,0,15,
BOF | DPA,VC & ATC_14 Days - IGi,https://vibewithmoi.in/products/ira-diamond-and-pearl-earrings?variant=39668305133631&utm_source=ig&utm_medium=paid&utm_campaign=BOF+%7C+DPA&utm_content=DPA&utm_term=VC+%26+ATC_14+Days+-+IGi&placement=Instagram_Feed&utm_id=120224750628680313_v2_s02_e283&campaign_id=120224750628680313&ad_id=120224751330050313,2370,4159,6,0,11,,1905,3502,3,0,9,
BOF | DPA,VC & ATC_180 Days - FBi,https://vibewithmoi.in/products/juliet-gold-diamond-and-ruby-engagement-ring?variant=39689752215615&utm_source=fb&utm_medium=paid&utm_campaign=BOF+%7C+DPA&utm_content=DPA&utm_term=VC+%26+ATC_180+Days+-+FBi&placement=Facebook_Mobile_Feed&campaign_id=120224750628680313&ad_id=120224913158110313&utm_id=120224750628680313_v2_s10_e7303,3103,5593,3,0,13,,2224,3916,4,0,14,
BOF | DPA,VC & ATC_180 Days - IGi,https://vibewithmoi.in/products/nizam-diamond-and-emerald-stud-earrings?variant=32852589674559&utm_source=ig&utm_medium=paid&utm_campaign=BOF+%7C+DPA&utm_content=DPA&utm_term=VC+%26+ATC_180+Days+-+IGi&placement=Instagram_Feed&utm_id=120224750628680313_v2_s09&campaign_id=120224750628680313&ad_id=120224910558280313,1247,2260,0,0,4,,1006,1773,3,0,7,
BOF | DPA,VC & ATC_60 Days - FB,https://vibewithmoi.in/products/tanjore-gold-diamond-emerald-pearl-and-colored-stones-bracelet?variant=40232184348735&utm_source=fb&utm_medium=paid&utm_campaign=BOF+%7C+DPA&utm_content=DPA&utm_term=VC+%26+ATC_60+Days+-+FB&placement=Facebook_Mobile_Feed&campaign_id=23856507113650312&ad_id=23856527722120312&utm_id=23856507113650312_v2_s66_e14_i20250919,1051,1931,0,0,1,,1105,2069,0,0,1,
BOF | DPA,VC & ATC_60 Days - IG,https://vibewithmoi.in/products/flower-of-life-gold-and-diamond-studs?variant=32852615462975&utm_source=ig&utm_medium=paid&utm_campaign=BOF+%7C+DPA&utm_content=DPA&utm_term=VC+%26+ATC_60+Days+-+IG&placement=Instagram_Feed&utm_id=23856507113650312_v2_s12_e7383&campaign_id=23856507113650312&ad_id=23856527643200312,2428,4229,1,0,3,,2007,3318,3,0,4,
BOF | DPA,VC & ATC_60 Days - IGi,https://vibewithmoi.in/products/robin-gold-diamond-ruby-and-south-sea-pearl-chandelier-earrings?variant=40968882847807&utm_source=ig&utm_medium=paid&utm_campaign=BOF+%7C+DPA&utm_content=DPA&utm_term=VC+%26+ATC_60+Days+-+IGi&placement=Instagram_Reels&utm_id=120224750628680313_v2_s65_e14_i20250920&campaign_id=120224750628680313&ad_id=120224751330060313,2307,4445,2,0,12,,1829,3196,2,0,5,
BOF%20|%20DPA,VC%20,https://vibewithmoi.in/products/paris-champagne-diamond-ring?variant=32852608090175&utm_source=facebook&utm_medium=paid&utm_campaign=BOF%2520%7C%2520DPA&utm_content=DPA&utm_term=VC%2520&%2520ATC_60%2520Days%2520-%2520IG&placement=Instagram_Feed&utm_id=23856507113650312_v2_s03_e283&fbclid=PAYW9leAMtFutleHRuA2FlbQEwAGFkaWQBqyFpAT6QyQGnPtobjpw_OBk4kq7y449BdSn5G_WoqEgqFrPgqLf_UQgNfzl0JzVAxQIOAr0_aem_PT1esV4t1JwDOAVcH6hFxA&campaign_id=23856507113650312&ad_id=23856527643200312,0,0,0,0,0,,2,8,0,0,0,50.5
BOF+%7C+DPA,VC+%26+ATC_1+Day+-+FB,https://vibewithmoi.in/?utm_source=fb&utm_medium=paid&utm_campaign=BOF%2B%257C%2BDPA&utm_content=DPA&utm_term=VC%2B%2526%2BATC_1%2BDay%2B-%2BFB&placement=Facebook_Right_Column&fbclid=IwZXh0bgNhZW0CMTEAAR7xdTOEVcLbAzP3rz7FHvvw61KuJQeU40IfYLqwAUp7UhJnEMmha0BaUQ0pww_aem_1Hv7r6Iet-pczupugUaBow,4,5,0,0,0,0.0,0,0,0,0,0,
BOF+%7C+DPA,VC+%26+ATC_1+Day+-+IG,https://vibewithmoi.in/?utm_source=fb&utm_medium=paid&utm_campaign=BOF%2B%257C%2BDPA&utm_content=DPA&utm_term=VC%2B%2526%2BATC_1%2BDay%2B-%2BIG&placement=Facebook_Right_Column&fbclid=IwZXh0bgNhZW0CMTEAAR6Mq2YoxrGyPf4u_Sa0J2AF5F9bt00_hQiwzfoT3E4Mbx0jr2NAlUWTiKR0ow_aem_hS8IGYZh6t9kS_0BO4QqFQ,4,4,0,0,0,0.0,0,0,0,0,0,
BOF+%7C+DPA,VC+%26+ATC_1+Day+-+IGi,https://vibewithmoi.in/?utm_source=fb&utm_medium=paid&utm_campaign=BOF%2B%257C%2BDPA&utm_content=DPA&utm_term=VC%2B%2526%2BATC_1%2BDay%2B-%2BIGi&placement=Facebook_Right_Column&fbclid=IwZXh0bgNhZW0CMTEAAR7nO3FU_GJPF6SeeIrDKCjEoNXqqHbGg6xLkaB1Yw9hobSaM8d-X2FS_eyWpg_aem_YHqGnzfswHP3iTjhQ6uTpg,0,0,0,0,0,,4,5,0,0,0,3.75
BOF+%7C+DPA,VC+%26+ATC_14+Days+-+FB,https://vibewithmoi.in/?utm_source=fb&utm_medium=paid&utm_campaign=BOF%2B%257C%2BDPA&utm_content=DPA&utm_term=VC%2B%2526%2BATC_14%2BDays%2B-%2BFB&placement=Facebook_Right_Column&fbclid=IwZXh0bgNhZW0CMTEAAR52WU0pDV_KMFAvXyOZCtcctMV0qP0tYzGWm79EyQx_O9eILInFEPauzTymwg_aem_PRIEmyclLXs5akilW_MZfg,4,6,0,0,0,3.25,0,0,0,0,0,
BOF+%7C+DPA,VC+%26+ATC_14+Days+-+IG,https://vibewithmoi.in/?utm_source=fb&utm_medium=paid&utm_campaign=BOF%2B%257C%2BDPA&utm_content=DPA&utm_term=VC%2B%2526%2BATC_14%2BDays%2B-%2BIG&placement=Facebook_Right_Column&fbclid=IwZXh0bgNhZW0CMTEAAR5fhjkYWP0kSgVkDna5YkqOQRwCL_8BuALebAlnf2Jlvt9BFEwDv0BS_xc8kw_aem_ADgPaqI8LI2LWgDZ3Xderw,4,6,0,0,0,0.0,0,0,0,0,0,
BOF+%7C+DPA,VC+%26+ATC_180+Days+-+FBi,https://vibewithmoi.in/?utm_source=fb&utm_medium=paid&utm_campaign=BOF%2B%257C%2BDPA&utm_content=DPA&utm_term=VC%2B%2526%2BATC_180%2BDays%2B-%2BFBi&placement=Facebook_Right_Column&fbclid=IwZXh0bgNhZW0CMTEAAR4cYetxZIA8dbfvpUV7p7DeYZxsUst4WSmkn-tcNJj1gP73E94eWydNbFU0dA_aem_GAdKiuEN4WfhHI0sGSCfJg,4,5,0,0,0,0.0,0,0,0,0,0,
BOF+%7C+DPA,VC+%26+ATC_180+Days+-+IGi,https://vibewithmoi.in/?utm_source=fb&utm_medium=paid&utm_campaign=BOF%2B%257C%2BDPA&utm_content=DPA&utm_term=VC%2B%2526%2BATC_180%2BDays%2B-%2BIGi&placement=Facebook_Right_Column&fbclid=IwZXh0bgNhZW0CMTEAAR7e-VvDutelnEJPWOVa6VYL7pMD9Kma-mUiI9DpX9lClEXyOwxJ3BhsYkxa1w_aem_VTl6N2U5BWJyXX4CmXvaTA,0,0,0,0,0,,4,4,0,0,0,0.0
BOF+%7C+DPA,VC+%26+ATC_60+Days+-+FB,https://vibewithmoi.in/?utm_source=fb&utm_medium=paid&utm_campaign=BOF%2B%257C%2BDPA&utm_content=DPA&utm_term=VC%2B%2526%2BATC_60%2BDays%2B-%2BFB&placement=Facebook_Right_Column&fbclid=IwZXh0bgNhZW0CMTEAAR7GJfchmZXTkZJc-u5u74hs_nIeFAKyDdT1ijMwovFZr1hCsMYqnGjl8jwkLg_aem_9GRp2FI3_CbCML-9I5jLUw,4,5,0,0,0,0.0,0,0,0,0,0,
BOF+%7C+DPA,VC+%26+ATC_60+Days+-+IG,https://vibewithmoi.in/?utm_source=fb&utm_medium=paid&utm_campaign=BOF%2B%257C%2BDPA&utm_content=DPA&utm_term=VC%2B%2526%2BATC_60%2BDays%2B-%2BIG&placement=Facebook_Right_Column&fbclid=IwZXh0bgNhZW0CMTEAAR49ewHA0k4sho5-yBcH180ycOuFN1AYy10_z2sCZrIsO8Oq46CImyme3xhFtw_aem_KwmVZjl9Zf5vZ6TycKChHg,0,0,0,0,0,,5,6,0,0,0,0.0
Living in Moi | Delhi,BRD - IG,https://vibewithmoi.in/?utm_source=ig&utm_medium=paid&utm_campaign=Living%20in%20Moi%20|%20Delhi&utm_content=IG%20Post%20-%203%20Apr%202025&utm_term=BRD%20-%20IG&placement=Instagram_Feed&utm_id=120213580184710313_v2_s10&fbclid=PAZXh0bgNhZW0BMABhZGlkAascoG9e-QkBp_lvzmN2Y4Z6ZjPgxpLjPJFPPPIEbeCBtA67LAnPKg6dKZT6CKyLBDK_HE0l_aem_KvNMriqmeRthdlAXG3vA7g&campaign_id=120213580184710313&ad_id=120220791925730313,0,0,0,0,0,,1,1,0,0,0,0.0
Living in Moi | Pune,LUXEi,https://vibewithmoi.in/products/qutub-multi-gemstones-gold-necklace-for-women?utm_source=ig&utm_medium=paid&utm_campaign=Living+in+Moi+%7C+Pune&utm_content=Qutub+necklace+%7C+SV&utm_term=LUXEi&placement=Instagram_Reels&utm_id=120211864027550313_v2_s04_e283&fbclid=PAZXh0bgNhZW0BMABhZGlkAasm4vMon7kBpyK572isl7Z8sVLGeGRQYrqXPLNvNH_H-Bk7FOBtrsfR7Ywf34IMwucjpriB_aem_US7mrS9vJPWGXMts_UruGQ&campaign_id=120211864027550313&ad_id=120232292242100313,9,12,0,0,0,,284,318,0,0,0,
Living in Moi | Pune,TRLi,https://vibewithmoi.in/products/ira-diamond-and-pearl-earrings?utm_source=facebook&utm_medium=paid&utm_campaign=Living+in+Moi+%7C+Pune&utm_content=Ira+earrings+%7C+SV&utm_term=TRLi&placement=Instagram_Reels&utm_id=120211864027550313_v2_s11_e7378&fbclid=PAZXh0bgNhZW0BMABhZGlkAasm4vJHGVkBp27fqs5IP2iL_lgUgjaDmtC3PugHvjboBhjReLB-GVXJGJnytMvj6AUIsE9a_aem_6qqEnFlS76GbsFlgfIsoMw&campaign_id=120211864027550313&ad_id=120232292524070313,41,45,0,0,0,,454,557,0,0,4,
Living+in+Moi+%7C+Pune,LUXEi,https://vibewithmoi.in/products/promise-gold-diamond-emerald-and-purple-amethyst-earrings?utm_source=fb&utm_medium=paid&utm_campaign=Living%2Bin%2BMoi%2B%257C%2BPune&utm_content=Promise%2Bearrings%2B%257C%2BSV&utm_term=LUXEi&placement=Facebook_Right_Column&fbclid=IwZXh0bgNhZW0CMTEAAR6xwozOTnB3NQs3ORRK81GSSeerWz62vfcy5crYMWOSyB-PPcq19y_sib0SoQ_aem_82vvs0kehrL1niyEEQ0IxQ,0,0,0,0,0,,12,17,0,0,0,1.25
Living+in+Moi+%7C+Pune,TRLi,https://vibewithmoi.in/products/qutub-multi-gemstones-gold-necklace-for-women?utm_source=fb&utm_medium=paid&utm_campaign=Living%2Bin%2BMoi%2B%257C%2BPune&utm_content=Qutub%2Bnecklace%2B%257C%2BSV&utm_term=TRLi&placement=Facebook_Right_Column&fbclid=IwZXh0bgNhZW0CMTEAAR7OcjeZNsjPNHyv1MGFAAYw02d0Evo_6DYhiLA8VS-50rTxaymzuMwr4iYDqw_aem_BbTIodfs5BdMiaP9Aazqow,0,0,0,0,0,,12,14,0,0,0,0.0
MOF,MOF | BLRi,https://vibewithmoi.in/products/juliet-gold-diamond-and-ruby-engagement-ring?utm_source=ig&utm_medium=paid&utm_campaign=MOF&utm_content=Juliet+Ring+%7C+SV&utm_term=MOF+%7C+BLRi&placement=Instagram_Feed&utm_id=120210400976700313_v2_s04_e283&campaign_id=120210400976700313&ad_id=120226545936870313,91,218,0,0,0,,115,343,0,0,1,
MOF,MOF | DABA | ENGD,https://vibewithmoi.in/products/virtue-gold-and-diamond-pendant-necklace?variant=41284408180799&utm_source=ig&utm_medium=paid&utm_campaign=MOF&utm_content=MOF%20|%20DABA%202&utm_term=MOF%20|%20DABA%20|%20ENGD&placement=Instagram_Reels&utm_id=120210400976700313_v2_s06&fbclid=PAZXh0bgNhZW0BMABhZGlkAasZn2Z1LtkBplgE_DwFQUEhNL5F3qIyXjApL7la2QbFWn4MEQIHFsZEHOuJ5ZidQRgr8A_aem_PzXLVUwv3eVJqvCfbqlB2w&campaign_id=120210400976700313&ad_id=120217708971410313,1,1,0,0,0,,2,4,0,0,0,
MOF,MOF | DABA | ENGDi,https://vibewithmoi.in/products/zeena-gold-silver-diamond-and-ruby-earrings?variant=41217912111167&utm_source=ig&utm_medium=paid&utm_campaign=MOF&utm_content=MOF+%7C+DABA+1&utm_term=MOF+%7C+DABA+%7C+ENGDi&placement=Instagram_Feed&utm_id=120210400976700313_v2_s01&campaign_id=120210400976700313&ad_id=120225067040130313,2676,5343,1,0,9,,1758,3424,2,1,7,
MOF,MOF | DABA | IGi,https://vibewithmoi.in/products/zeena-gold-silver-diamond-and-ruby-necklace?variant=41217893269567&utm_source=ig&utm_medium=paid&utm_campaign=MOF&utm_content=MOF+%7C+DABA+1&utm_term=MOF+%7C+DABA+%7C+IGi&placement=Instagram_Feed&utm_id=120210400976700313_v2_s03_e283&campaign_id=120210400976700313&ad_id=120225145554830313,827,2093,1,1,4,,784,1809,3,1,6,
MOF,MOF | DEL,https://vibewithmoi.in/products/red-mogul-intricate-traditional-silver-tassel-necklace?utm_source=ig&utm_medium=paid&utm_campaign=MOF&utm_content=RV+%7C+CC&utm_term=MOF+%7C+DEL&placement=Instagram_Feed&fbclid=PAZXh0bgNhZW0BMAABpi-0H_5STQfE1cW6rLB-p7_GMDzRz2UwWkkZhms2UdNpSaA3O63tXflAgw_aem_28OeMW5J1gq3uEv-ojFYOA&campaign_id=120210400976700313&ad_id=120211459679770313,0,0,0,0,0,,1,1,0,0,0,0.0
MOF,MOF | DELi,https://vibewithmoi.in/products/venice-gold-tanzanite-and-diamond-ring?utm_source=ig&utm_medium=paid&utm_campaign=MOF&utm_content=RV+%7C+CC&utm_term=MOF+%7C+DELi&placement=Instagram_Feed&utm_id=120210400976700313_v2_s03_e283&fbclid=PAZXh0bgNhZW0BMABhZGlkAashfyOYp9kBpxvzv_oqudWVMrLgGUvf2r8Nm20IcbRDFY_DvYhKBva9n2_XBQa44DK5hLab_aem__lg2ZuMeSFTyFFH1KSu0-A&campaign_id=120210400976700313&ad_id=120226546232950313,167,408,1,0,1,,138,418,0,0,2,
MOF,MOF | HYDi,https://vibewithmoi.in/products/memories-gold-and-diamond-photo-pendant-necklace?utm_source=ig&utm_medium=paid&utm_campaign=MOF&utm_content=RV+%7C+CC&utm_term=MOF+%7C+HYDi&placement=Instagram_Feed&utm_id=120210400976700313_v2_s03_e283&fbclid=PAZXh0bgNhZW0BMABhZGlkAashfyrjQ2kBpyWN7H-sW6hhAi1DV7cqFMZ2u5GC_-3eAiaz7lH4HE5hZ2KKgjyJS9APFxvq_aem_V1512vpz75qKlnt5ldnAtg&campaign_id=120210400976700313&ad_id=120226546232940313,49,99,0,0,0,,45,106,0,0,1,
MOF,MOF | MUMi,https://vibewithmoi.in/products/juliet-gold-diamond-and-ruby-engagement-ring?utm_source=ig&utm_medium=paid&utm_campaign=MOF&utm_content=Juliet+Ring+%7C+SV&utm_term=MOF+%7C+MUMi&placement=Instagram_Feed&utm_id=120210400976700313_v2_s09&campaign_id=120210400976700313&ad_id=120226545937010313,161,491,1,0,3,,210,540,0,0,2,
MOF,MOF+%7C+BLRi,https://vibewithmoi.in/products/juliet-gold-diamond-and-ruby-engagement-ring?utm_source=fb&utm_medium=paid&utm_campaign=MOF&utm_content=Juliet%2BRing%2B%257C%2BSV&utm_term=MOF%2B%257C%2BBLRi&placement=Facebook_Right_Column,6,7,0,0,0,0.6666666666666666,0,0,0,0,0,
MOF,MOF+%7C+DELi,https://vibewithmoi.in/products/juliet-gold-diamond-and-ruby-engagement-ring?utm_source=fb&utm_medium=paid&utm_campaign=MOF&utm_content=Juliet%2BRing%2B%257C%2BSV&utm_term=MOF%2B%257C%2BDELi&placement=Facebook_Right_Column&fbclid=IwZXh0bgNhZW0CMTEAAR6oQdz1TQP49dG3aiDdR-ibOosWYka8tNzMXs4eskC2cJlkOIqTN2OdruP8Kg_aem_2v399Br36EepYft3lN3dhg,4,5,0,0,0,0.0,0,0,0,0,0,
MOF,MOF+%7C+MUMi,https://vibewithmoi.in/?utm_source=fb&utm_medium=paid&utm_campaign=MOF&utm_content=RV%2B%257C%2BCC&utm_term=MOF%2B%257C%2BMUMi&placement=Facebook_Right_Column&fbclid=IwZXh0bgNhZW0CMTEAAR4QfEaIsUcNyRtSSRcTvbSFjMFAVBJzsvC32Tlxhxp899l7WChfZU_7bVkiZQ_aem_f7UQmL-tAF69SYHhjFFlsw,8,11,0,0,0,1.75,0,0,0,0,0,
MOF | Engage,Ad Engage,https://vibewithmoi.in/products/red-mogul-intricate-traditional-silver-tassel-necklace?utm_source=fb&utm_medium=paid&utm_campaign=MOF+%7C+Engage&utm_content=Necklaces+%7C+CC&utm_term=Ad+Engage&placement=Facebook_Mobile_Feed&fbclid=IwAR0r4IigvSmYL9BAli4vef_fzsj-fDCpiwfYHJ5cVobFD5CylL3HK4YKv64_aem_AXTocTYtjgI2Nm-9vs6dzlgBjPIORbIytMIN9g-ZD10xtynK7Gjw2mEh2IEk0Xl1V33rF0MupYBKJCbBjRZxY_W8&campaign_id=23852283901930312&ad_id=23858618524760312,1,2,0,0,0,1.0,0,0,0,0,0,
MOF | Engage,Custom All,https://vibewithmoi.in/products/juliet-gold-diamond-and-ruby-engagement-ring?utm_source=ig&utm_medium=paid&utm_campaign=MOF+%7C+Engage&utm_content=Juliet+Ring+%7C+SV&utm_term=Custom+All&placement=Instagram_Feed&fbclid=PAAabfmPhPbw0cshmS6ImKUmiG-hZi3V3bn-NOfUTECRqSxTO3XH_shoYWAYU_aem_AST6gI8tQrbliABitXURa83E33QDD3O4dr5WNxBhPFujZBTbUzPQax5n0LwxirpjqFhYR_btAEM0vbvGACxi59Tb&campaign_id=23852272485200312&ad_id=23858618620060312,1,3,0,0,0,,1,1,0,0,0,
Moi - India - Instagram post: Engagement,7 Sep 2025 - a - Reach,https://vibewithmoi.in/pages/new-arrivals?utm_source=ig&utm_medium=paid&utm_campaign=Moi+-+India+-+Instagram+post%3A+Engagement&utm_content=7+Sep+2025&utm_term=7+Sep+2025+-+a+-+Reach&placement=Instagram_Feed&utm_id=23852426368070312_v2_s05_e7379_c1&fbclid=PAZXh0bgNhZW0BMABhZGlkAasnJLlylUkBp7iyH6GYYWSTV3qr6Ip6bEI9gKm64rbPQPHfgSzmyj3ZF5KHtqdkJtl08WNQ_aem_PAYGbxsSqLsLNo9ZSUv1Iw&campaign_id=23852426368070312&ad_id=120232853617320313,25,50,0,0,0,18.08,0,0,0,0,0,
Moi - India - Instagram post: Engagement,7 Sep 2025 - i - Reach,https://vibewithmoi.in/pages/new-arrivals?utm_source=ig&utm_medium=paid&utm_campaign=Moi+-+India+-+Instagram+post%3A+Engagement&utm_content=7+Sep+2025&utm_term=7+Sep+2025+-+i+-+Reach&placement=Instagram_Feed&utm_id=23852426368070312_v2_s03&fbclid=PAZXh0bgNhZW0BMABhZGlkAasnJLy0oOkBpxBrhK_2Q1L04p4h7R_swVTL8PJ5pNE4YDiNuhQ2b3eiG_tBq8ZZl9CNGQ2O_aem_vdNZX28E3TEVXpIbadUMyg&campaign_id=23852426368070312&ad_id=120232853617350313,81,162,0,0,0,25.567901234567902,0,0,0,0,0,
Moi - India - Instagram post: Engagement,9 Sep 2025 - a - Reach,https://vibewithmoi.in/pages/new-arrivals?utm_source=ig&utm_medium=paid&utm_campaign=Moi+-+India+-+Instagram+post%3A+Engagement&utm_content=9+Sep+2025&utm_term=9+Sep+2025+-+a+-+Reach&placement=Instagram_Feed&utm_id=23852426368070312_v2_s11_e7378&fbclid=PAZXh0bgNhZW0BMABhZGlkAasnJMHHJskBpyaeVGv_DmZ_mw2clMNTkFOhIAudtgzQu_hrdi81nWLBlvSPi94Jf5VVwEz9_aem_oSxWCtI5l-2aIqG1yuQ-BQ&campaign_id=23852426368070312&ad_id=120232853754270313,135,232,0,0,0,19.874074074074073,0,0,0,0,0,
Moi - India - Instagram post: Engagement,9 Sep 2025 - i - Reach,https://vibewithmoi.in/pages/new-arrivals?utm_source=ig&utm_medium=paid&utm_campaign=Moi+-+India+-+Instagram+post%3A+Engagement&utm_content=9+Sep+2025&utm_term=9+Sep+2025+-+i+-+Reach&placement=Instagram_Feed&utm_id=23852426368070312_v2_s03&fbclid=PAZXh0bgNhZW0BMABhZGlkAasnJL-0wYkBpwxY49b6YOxtMAvTvw9J8xUdpdzYFvbGuQJ2jPKNQeCtVG-QZ_4cdoJUKGj8_aem_HxxaXmmxfYsyqegArEd54w&campaign_id=23852426368070312&ad_id=120232853754300313,270,520,0,0,0,32.50185185185185,0,0,0,0,0,
Moi+-+India+-+Instagram+post%3A+Engagement,7+Sep+2025+-+a+-+Reach,https://vibewithmoi.in/pages/new-arrivals?utm_source=fb&utm_medium=paid&utm_campaign=Moi%2B-%2BIndia%2B-%2BInstagram%2Bpost%253A%2BEngagement&utm_content=7%2BSep%2B2025&utm_term=7%2BSep%2B2025%2B-%2Ba%2B-%2BReach&placement=Facebook_Right_Column&fbclid=IwZXh0bgNhZW0CMTEAAR4sHGipCoqAm-CAMJrTKnwqZZCfBTKHHX4zKKO3z9EQfOWSH1urt6mxXUD6Iw_aem_f1-eFe3A6hOUvzHqUPd-Nw,5,6,0,0,0,3.0,0,0,0,0,0,
Moi+-+India+-+Instagram+post%3A+Engagement,7+Sep+2025+-+i+-+Reach,https://vibewithmoi.in/pages/new-arrivals?utm_source=fb&utm_medium=paid&utm_campaign=Moi%2B-%2BIndia%2B-%2BInstagram%2Bpost%253A%2BEngagement&utm_content=7%2BSep%2B2025&utm_term=7%2BSep%2B2025%2B-%2Bi%2B-%2BReach&placement=Facebook_Right_Column&fbclid=IwZXh0bgNhZW0CMTEAAR4NbhzvzRd0AcQefB-RwI4AKxWNtZ-ptUurIdEgcxU7BGdo3l-hKYjRk4S8HA_aem_UH7ICtefrb9kNW0DUPCMhg,4,4,0,0,0,0.0,0,0,0,0,0,
Moi+-+India+-+Instagram+post%3A+Engagement,9+Sep+2025+-+a+-+Reach,https://vibewithmoi.in/pages/new-arrivals?utm_source=fb&utm_medium=paid&utm_campaign=Moi%2B-%2BIndia%2B-%2BInstagram%2Bpost%253A%2BEngagement&utm_content=9%2BSep%2B2025&utm_term=9%2BSep%2B2025%2B-%2Ba%2B-%2BReach&placement=Facebook_Right_Column&fbclid=IwZXh0bgNhZW0CMTEAAR6_X68aKBG9Ddj4RxVhk5YSFMRaUnAYo3jJVosxsGApYrzMlki4l9HYcQxDYA_aem_D-ziuPqFNgP9_eb0e92Njw,4,6,0,0,0,0.0,0,0,0,0,0,
Moi+-+India+-+Instagram+post%3A+Engagement,9+Sep+2025+-+i+-+Reach,https://vibewithmoi.in/pages/new-arrivals?utm_source=fb&utm_medium=paid&utm_campaign=Moi%2B-%2BIndia%2B-%2BInstagram%2Bpost%253A%2BEngagement&utm_content=9%2BSep%2B2025&utm_term=9%2BSep%2B2025%2B-%2Bi%2B-%2BReach&placement=Facebook_Right_Column&fbclid=IwZXh0bgNhZW0CMTEAAR6RgiCW_SHr3Hq97GcoFrcUfa0w8HIn_N_W8I53oKXc5SbpqFD7G4UilV-ejw_aem_opqYkGIsHBCYDL90BHS14g,4,5,0,0,0,0.0,0,0,0,0,0,
TOF %7C ALL,IND - TRLi,https://vibewithmoi.in/products/phoebe-gold-diamond-and-blue-sapphire-pendant-necklace?variant=40413244850239&utm_source=ig&utm_medium=paid&utm_campaign=TOF+%257C+ALL&utm_content=DABA+%E2%80%93+ALL&utm_term=IND+-+TRLi&placement=Instagram_Feed&utm_id=120204934414040313_v2_s04_e283&fbclid=PAZXh0bgNhZW0BMABhZGlkAasmPdRyvnkBp4H10Ip6AAF4WhF8JR5YV08Cpx2Tod6dY8o6cJJ4NQb9zsWQbhEddOjK_bds_aem_qR0iv2hGhay2nLao8STKww&campaign_id=120204934414040313&ad_id=120231849970700313,2,2,0,0,0,,1,1,0,0,0,
TOF %7C ALL,T1 - FB - TRLi,https://vibewithmoi.in/products/gaj-elephant-labradorite-pendant-necklace?variant=39476068253759&utm_source=fb&utm_medium=paid&utm_campaign=TOF+%257C+ALL&utm_content=DABA+%E2%80%93+ALL&utm_term=T1+-+FB+-+TRLi&placement=Facebook_Mobile_Feed&fbclid=IwYW9leAMjrllleHRuA2FlbQEwAGFkaWQBqyY73gyMGQEeuqQj5HcTH2fxqw6HcAv2-NMAdTLtVv-HLBe4vkb8YZow820jVt9ZgvRcWcc_aem_GhfrWka-dtO1LVtS_lvVtQ&campaign_id=120204934414040313&ad_id=120231853434470313&utm_id=120204934414040313_v2_s01_e283,1,1,0,0,0,,1,1,0,0,0,
TOF %7C ALL,T1 - TRLi,https://vibewithmoi.in/products/june-gold-diamond-and-south-sea-pearl-drop-earrings?variant=32852609269823&utm_source=ig&utm_medium=paid&utm_campaign=TOF+%257C+ALL&utm_content=DABA+%E2%80%93+ALL&utm_term=T1+-+TRLi&placement=Instagram_Reels&utm_id=120204934414040313_v2_s08_e7257&fbclid=PAZXh0bgNhZW0BMABhZGlkAasmO1O2bHkBp92vIryF78epGe_HtaxaGpEZhizQn90PQ2tYP-3Dx1CcBJspu5gPs54LHp6Y_aem_qc6uBMQ-XMel8ZIvvtkFkg&campaign_id=120204934414040313&ad_id=120231851020990313,5,6,0,0,0,,4,4,0,0,0,
TOF %7C ALL,T1 - TRLi - FEED,https://vibewithmoi.in/products/bridget-gold-and-diamond-ring?variant=39415433494591&utm_source=facebook&utm_medium=paid&utm_campaign=TOF+%257C+ALL&utm_content=DABA+%E2%80%93+ALL&utm_term=T1+-+TRLi+-+FEED&placement=Instagram_Explore&utm_id=120204934414040313_v2_s02&campaign_id=120204934414040313&ad_id=120231904201740313,8,12,0,0,0,,2,3,0,0,0,
TOF %7C ALL,T2 -  TRLi,https://vibewithmoi.in/products/paris-gold-and-diamond-mini-hoop-earrings?variant=41140052852799&utm_source=ig&utm_medium=paid&utm_campaign=TOF+%257C+ALL&utm_content=DABA+%E2%80%93+ALL&utm_term=T2+-++TRLi&placement=Instagram_Feed&utm_id=120204934414040313_v2_s04_e283&fbclid=PAdGRleAMwkrVleHRuA2FlbQEwAGFkaWQBqyZHtRsreQGnwkTtcsNbfirC-a_npxP9GTpJaNI99-YJKxplJIf_m4Yj1YeUTVUSEYzLmVQ_aem_c6lB3UOC1sCXGFqSTAaKqg&campaign_id=120204934414040313&ad_id=120231849970770313,4,6,0,0,0,,2,3,0,0,0,
TOF %7C CUSTOM %7C AUTO,T1 - INT JWLi,https://vibewithmoi.in/products/ira-diamond-and-pearl-earrings?utm_source=ig&utm_medium=paid&utm_campaign=TOF+%257C+CUSTOM+%257C+AUTO&utm_content=CC+%E2%80%93+BS+%252FTP+%257C+01&utm_term=T1+-+INT+JWLi&placement=Instagram_Feed&utm_id=120209632156470313_v2_s09_e7308&fbclid=PAZXh0bgNhZW0BMABhZGlkAasmOiUy4ZkBp_Uqro62hKj-kdb1GnWoy0UOTRbNlyj8JNJPjFbTgaWyg0ZVRYXS5UDM819-_aem_oEUTrBDqlFuGCn_yeDW1Mw&campaign_id=120209632156470313&ad_id=120231787194570313,0,0,0,0,0,,1,1,0,0,0,0.0
TOF %7C CUSTOM %7C AUTO,T2 - INT JWLi,https://vibewithmoi.in/products/nizam-emerald-and-ruby-ring?utm_source=facebook&utm_medium=paid&utm_campaign=TOF+%257C+CUSTOM+%257C+AUTO&utm_content=CC+%E2%80%93+BS+%252FTP+%257C+01&utm_term=T2+-+INT+JWLi&placement=Instagram_Feed&utm_id=120209632156470313_v2_s66_e14_i20250918&fbclid=PAZXh0bgNhZW0BMABhZGlkAasmOiCaH5kBpwdHk6W2SqNzgJWQ1nJWNEqijWvOgf0qA6JojEAJj2ogP-GvMdZrpKQ147yO_aem_c42YE4sEFsHCDWpi6vXJWw&campaign_id=120209632156470313&ad_id=120231789112320313,1,1,0,0,0,0.0,0,0,0,0,0,
TOF %7C Mumbai,TRLi,https://vibewithmoi.in/products/chicago-gold-diamond-and-pearl-band-ring?variant=40962357198911&utm_source=ig&utm_medium=paid&utm_campaign=TOF+%257C+Mumbai&utm_content=DABA+%E2%80%93+ALL&utm_term=TRLi&placement=Instagram_Feed&utm_id=120227915088340313_v2_s08_e7227_sp_011&fbclid=PAZXh0bgNhZW0BMABhZGlkAasix8YncjkBpzMp9cQ7g8G5fPH50aZMQi8IckoWWJDU0h1NVx_8l-uYPSSvVG41M2fYXojc_aem__EtXGowoYzUFdeBLC48djQ&campaign_id=120227915088340313&ad_id=120228056381340313,0,0,0,0,0,,1,1,0,0,0,0.0
TOF %7C Pune,LUXEi,https://vibewithmoi.in/products/promise-gold-diamond-emerald-and-purple-amethyst-earrings?variant=41284400382015&utm_source=ig&utm_medium=paid&utm_campaign=TOF+%257C+Pune&utm_content=DABA+%E2%80%93+BS+%252FTP&utm_term=LUXEi&placement=Instagram_Reels&utm_id=120227915374980313_v2_s12_e7021_sp_011&fbclid=PAZXh0bgNhZW0BMABhZGlkAaslOeJJe7kBpxuKlE0ZWNRNBNtaaYwMQSlXSsQ_QowGtSpGV8QyfCM20-FEX6jOly0BCTxj_aem_uH_0RrhxIXf1DQkQz8nxZQ&campaign_id=120227915374980313&ad_id=120227915375020313,0,0,0,0,0,,1,1,0,0,0,0.0
TOF | 80k,LUXE | IGi,https://vibewithmoi.in/products/mansa-gold-silver-diamond-amethyst-navratna-and-natural-crystal-necklace?utm_source=ig&utm_medium=paid&utm_campaign=TOF+%7C+80k&utm_content=80k+CC&utm_term=LUXE+%7C+IGi&placement=Instagram_Feed&utm_id=120214656592760313_v2_s04&campaign_id=120214656592760313&ad_id=120214656680260313,928,1490,0,0,1,,620,1026,0,0,3,
TOF | 80k,OCC – IG,https://vibewithmoi.in/products/memories-gold-and-diamond-photo-pendant-necklace?variant=39318616178751&utm_source=ig&utm_medium=paid&utm_campaign=TOF+%7C+80k&utm_content=80k+DABA&utm_term=OCC+%E2%80%93+IG&placement=Instagram_Feed&fbclid=PAZXh0bgNhZW0BMAABpgeQCqcEGMHVtHrzzsOXHOkJmY8WeAuA21xJpEkyP0Y5itn6PMDW35JFHA_aem_ZiXuKDwTNwWj_bAS8g8gQg&campaign_id=23862230017680312&ad_id=23862230017730312,0,0,0,0,0,,1,1,0,0,0,0.0
TOF | 80k,OCC – IGi,https://vibewithmoi.in/products/felix-gold-silver-ruby-and-sapphire-ring?variant=33007914090559&utm_source=ig&utm_medium=paid&utm_campaign=TOF+%7C+80k&utm_content=80k+DABA+%7C+Rings&utm_term=OCC+%E2%80%93+IGi&placement=Instagram_Reels&utm_id=120214656592760313_v2_s11&campaign_id=120214656592760313&ad_id=120226547029560313,928,1407,1,0,2,,480,869,0,0,3,
TOF | 80k,T1 - HIGHi,https://vibewithmoi.in/products/felix-gold-silver-ruby-and-sapphire-ring?variant=33007914090559&utm_source=ig&utm_medium=paid&utm_campaign=TOF+%7C+80k&utm_content=80k+DABA&utm_term=T1+-+HIGHi&placement=Instagram_Feed&utm_id=120214656592760313_v2_s12_e7245&fbclid=PAZXh0bgNhZW0BMABhZGlkAasmQczr4GkBp1cK4zhAyMqO4Je4EYdEfVllI2TTzy6idKpxwRTwPXqDm8ePvMNlA7oBE5f9_aem_WRRNhNxHg_mHkhJNLRhWiQ&campaign_id=120214656592760313&ad_id=120231878864060313,0,0,0,0,0,,25,42,0,0,0,7.84
TOF | 80k,T1 - LUXEi,https://vibewithmoi.in/products/thea-gold-silver-diamond-emerald-and-blue-enamel-ring?variant=40755177848895&utm_source=facebook&utm_medium=paid&utm_campaign=TOF+%7C+80k&utm_content=80k+DABA&utm_term=T1+-+LUXEi&placement=Instagram_Feed&utm_id=120214656592760313_v2_s02_e283&campaign_id=120214656592760313&ad_id=120231911410540313,1288,2362,0,0,2,,781,1522,1,0,5,
TOF | ALL,HOME - IG,https://vibewithmoi.in/products/kristen-gold-chain-and-diamond-bracelet?variant=39318536257599&utm_source=ig&utm_medium=paid&utm_campaign=TOF+%7C+ALL&utm_content=DABA&utm_term=HOME+-+IG&placement=Instagram_Feed&campaign_id=120204934414040313&ad_id=120207147556850313,0,0,0,0,0,,2,3,0,0,0,0.0
TOF | ALL,IND - TRLi,https://vibewithmoi.in/products/myra-gold-silver-and-uncut-diamond-mini-hoop-earrings?variant=40444534161471&utm_source=ig&utm_medium=paid&utm_campaign=TOF+%7C+ALL&utm_content=DABA+%E2%80%93+ALL&utm_term=IND+-+TRLi&placement=Instagram_Feed&utm_id=120204934414040313_v2_s03_e283&campaign_id=120204934414040313&ad_id=120231849970700313,7571,12608,6,0,13,,5863,9998,5,0,13,
TOF | ALL,INT JWLY - IG,https://vibewithmoi.in/products/venice-gold-morganite-diamond-ring?variant=39807323897919&utm_source=ig&utm_medium=paid&utm_campaign=TOF%20|%20ALL&utm_content=DABA&utm_term=INT%20JWLY%20-%20IG&placement=Instagram_Reels&utm_id=120204934414040313_v2_s02_e233&fbclid=PAZXh0bgNhZW0BMABhZGlkAasdt4co0qkBp8kZpsOoBXY-EHpcF0P6_ll6Lazbj-kW15P2Tswn8cxllDoigS4akaK1eYQL_aem_Tz9pudKj2i2ngJXpDzy96g&campaign_id=120204934414040313&ad_id=120207528377010313,4,16,0,0,0,,3,6,0,0,0,
TOF | ALL,INT JWLY - IGi,https://vibewithmoi.in/products/kiraz-gold-silver-diamond-golden-rutile-and-ruby-drop-earrings?variant=40773743542335&utm_source=ig&utm_medium=paid&utm_campaign=TOF+%7C+ALL&utm_content=DABA&utm_term=INT+JWLY+-+IGi&placement=Instagram_Feed&utm_id=120204934414040313_v2_s03_e233&fbclid=PAZXh0bgNhZW0BMABhZGlkAasfwlpzkwkBp9u9S0HseQAArEfGtS7uHTECe1heWIbiF2rFxF6gBybw4_C5eCauKgbIQWGy_aem_OUTTi0mhp_J6vyi8kv5fTw&campaign_id=120204934414040313&ad_id=120224734389810313,1,2,0,0,0,,1,2,0,0,0,
TOF | ALL,JWLY + TRL - IG,https://vibewithmoi.in/products/nizam-emerald-and-ruby-ring?variant=39484918071359&utm_source=ig&utm_medium=paid&utm_campaign=TOF+%7C+ALL&utm_content=DABA&utm_term=JWLY+%2B+TRL+-+IG&placement=Instagram_Feed&fbclid=PAAaYmxktrDUVhlP4vnLWAjvrQGASuy9qmKLKSGe38I84jMwsupvugN_T2rFg_aem_AfTZc-XwcElQjH5jnP9tMd4h_ZFdKzpX-PkDq6peorUii6iXtyKmL-KzWgLXpQTNO1kGiH2rdrxvwGuFQekaueJS&campaign_id=120204934414010313&ad_id=120204934414020313,0,0,0,0,0,,1,1,0,0,0,0.0
TOF | ALL,MAG - IG,https://vibewithmoi.in/products/alex-gold-diamond-and-ruby-hoop-earrings?variant=40180883226687&utm_source=ig&utm_medium=paid&utm_campaign=TOF%20|%20ALL&utm_content=DABA&utm_term=MAG%20-%20IG&placement=Instagram_Reels&fbclid=PAZXh0bgNhZW0BMABhZGlkAasVTDQI9akBpgfudZ_Rkr-ytdlRPNkOK78M_48zTjm-gWZH2jimvOSACpb7__5L9OQ4qA_aem_ArxF6RAbIj60-bluh4C5Zg&campaign_id=120204934414040313&ad_id=120212948664460313,2,5,0,0,0,,4,7,0,0,0,
TOF | ALL,MAG - IGi,https://vibewithmoi.in/products/paris-champagne-diamond-ring?variant=32852608090175&utm_source=ig&utm_medium=paid&utm_campaign=TOF+%7C+ALL&utm_content=DABA+%E2%80%93+BS+/TP+2&utm_term=MAG+-+IGi&placement=Instagram_Feed&audience=new&utm_id=120204934414040313_v2_s03_e233&fbclid=PAQ0xDSwKwE-lleHRuA2FlbQEwAGFkaWQBqyCIIhYHuQGnnTrXLJnUaF6xH26uoJN3TpXzlil5C_krQ7iInV6xzbTJ4HII-JH9eG20t5c_aem_kXsytUlHZn4IKkTvPHzRkA&campaign_id=120204934414040313&ad_id=120225583912790313,0,0,0,0,0,,1,1,0,0,0,0.0
TOF | ALL,OCC - IG,https://vibewithmoi.in/products/rory-gilmore-diamond-dangling-earrings?variant=32852591181887&utm_source=ig&utm_medium=paid&utm_campaign=TOF%20|%20ALL&utm_content=DABA%20%E2%80%93%20BS%20/TP%202&utm_term=OCC%20-%20IG&placement=Instagram_Reels&fbclid=PAZXh0bgNhZW0BMABhZGlkAasWJdPea9kBpqPWkC8a9KWGINTYN8wBtCwMAJW_3gNl_s7qgNUku21YMX2lvubxWszzJw_aem_tUdJGL06Rn0YdR0D_OHmbA&campaign_id=120204934414040313&ad_id=120213423541700313,1,1,0,0,0,,1,2,0,0,0,
TOF | ALL,T1 - FB - TRLi,https://vibewithmoi.in/products/seher-gold-silver-diamond-and-pearl-earrings?variant=40193605271615&utm_source=fb&utm_medium=paid&utm_campaign=TOF+%7C+ALL&utm_content=DABA+%E2%80%93+ALL&utm_term=T1+-+FB+-+TRLi&placement=Facebook_Mobile_Reels&campaign_id=120204934414040313&ad_id=120231853434470313&utm_id=120204934414040313_v2_s09,5770,9581,4,1,12,,6397,10739,4,0,13,
TOF | ALL,T1 - TRLi,https://vibewithmoi.in/products/juliet-gold-diamond-and-ruby-studs-earrings?variant=39694535393343&utm_source=facebook&utm_medium=paid&utm_campaign=TOF+%7C+ALL&utm_content=DABA+%E2%80%93+ALL&utm_term=T1+-+TRLi&placement=Instagram_Reels&utm_id=120204934414040313_v2_s01_e283&campaign_id=120204934414040313&ad_id=120231851020990313,875,1201,0,0,0,,7071,9587,3,0,5,
TOF | ALL,T1 - TRLi - FEED,https://vibewithmoi.in/products/michelle-gold-and-diamond-ring?variant=39431752974399&utm_source=facebook&utm_medium=paid&utm_campaign=TOF+%7C+ALL&utm_content=DABA+%E2%80%93+ALL&utm_term=T1+-+TRLi+-+FEED&placement=Instagram_Feed&utm_id=120204934414040313_v2_s09_e7262&campaign_id=120204934414040313&ad_id=120231904201740313,8583,15626,6,0,12,,6961,13070,0,0,8,
TOF | ALL,T2 -  TRLi,https://vibewithmoi.in/products/kiraz-gold-silver-diamond-golden-rutile-and-ruby-drop-earrings?variant=40773743542335&utm_source=ig&utm_medium=paid&utm_campaign=TOF+%7C+ALL&utm_content=DABA+%E2%80%93+ALL&utm_term=T2+-++TRLi&placement=Instagram_Feed&utm_id=120204934414040313_v2_s07&campaign_id=120204934414040313&ad_id=120231849970770313,6983,11982,7,0,23,,6356,11669,5,0,19,
TOF | ALL,TIFF - IG,https://vibewithmoi.in/products/juliet-gold-diamond-and-ruby-studs-earrings?variant=39694535393343&utm_source=ig&utm_medium=paid&utm_campaign=TOF+%7C+ALL&utm_content=DABA&utm_term=TIFF+-+IG&placement=Instagram_Feed&campaign_id=120204934414040313&ad_id=120207196194100313,4,6,0,0,0,,3,5,0,0,0,
TOF | ALL,TIFF - IGi,https://vibewithmoi.in/products/swirl-pearl-drop-hook-closure-earrings?variant=32852609761343&utm_source=ig&utm_medium=paid&utm_campaign=TOF+%7C+ALL&utm_content=DABA&utm_term=TIFF+-+IGi&placement=Instagram_Reels&utm_id=120204934414040313_v2_s03_e233&fbclid=PAZXh0bgNhZW0BMABhZGlkAasgiCORqzkBp4_UyL4AyXHxx4thjC5NNXuJjfUqAZx0lyJsENEyYU5b_0xS7wIpcUcauiqd_aem_ig1DXUK7b8CVQsZDUH8awQ&campaign_id=120204934414040313&ad_id=120225583912780313,1,1,0,0,0,,1,1,0,0,0,
TOF | ALL,TRL - IG,https://vibewithmoi.in/products/grace-kelly-gold-diamond-south-sea-pearl-drop-earrings?variant=40974011400255&utm_source=ig&utm_medium=paid&utm_campaign=TOF%20|%20ALL&utm_content=DABA%20%E2%80%93%20BS%20/TP%202&utm_term=TRL%20-%20IG&placement=Instagram_Reels&fbclid=PAZXh0bgNhZW0BMABhZGlkAasXrV3HtTkBpupaiSr0pr3P08Z5KhV_1NUhf5VKC_K_wBkdqrdEBxH072oS5j_4IuuzsA_aem_rmgT36crIF8IbiCAAdsBsA&campaign_id=120204934414040313&ad_id=120215232583900313,5,8,0,0,0,,1,1,0,0,0,
TOF | ALL,TRL - IGi,https://vibewithmoi.in/products/paris-champagne-diamond-ring?variant=32852608090175&utm_source=ig&utm_medium=paid&utm_campaign=TOF+%7C+ALL&utm_content=DABA+%E2%80%93+BS+/TP+2&utm_term=TRL+-+IGi&placement=Instagram_Explore&utm_id=120204934414040313_v2_s04&fbclid=PAQ0xDSwMIQa1leHRuA2FlbQEwAGFkaWQBqx_CkmJsCQGnosIw1-2wc7H8ZPeqOT5RFdo7yp2dF3BtvJmw-ItY1HAp9HYVO1vGISFXcVk_aem_KRd6dpaXz0a8c1xg3A4GuQ&campaign_id=120204934414040313&ad_id=120224734675290313,2,2,0,0,0,,5,6,0,0,0,
TOF | AND,TOF | Bangalore | TRLa,https://vibewithmoi.in/products/amalfi-gold-diamond-tanzanite-and-blue-topaz-cocktail-ring?variant=40729419481151&utm_source=ig&utm_medium=paid&utm_campaign=TOF+%7C+AND&utm_content=DABA+%E2%80%93+ALL&utm_term=TOF+%7C+Bangalore+%7C+TRLa&placement=Instagram_Feed&utm_id=120230914825700313_v2_s03_e283&fbclid=PAdGRzdgMv-yRleHRuA2FlbQEwAGFkaWQBqyY9kQf8SQGnqVf738ZAb20j0WvTpkXkxn_nSutx7tdk1-aGUEIL5LK6WKJu9ctmdRBtOLc_aem_OjmCemkwiaM5-jaef0SsOg&campaign_id=120230914825700313&ad_id=120230916750240313,4030,6563,4,0,8,,4096,6838,2,0,14,
TOF | AND,TOF | Delhi | TRLa,https://vibewithmoi.in/products/camille-gold-diamond-and-red-enamel-earrings?variant=40984729157695&utm_source=ig&utm_medium=paid&utm_campaign=TOF%20|%20AND&utm_content=DABA%20%E2%80%93%20ALL&utm_term=TOF%20|%20Delhi%20|%20TRLa&placement=Instagram_Feed&utm_id=120230914825700313_v2_s01_e283&fbclid=PAYW9leAMyj8lleHRuA2FlbQEwAGFkaWQBqyY9kQKlGQGnxJpvyEkyd6sAX7p6RlfsDdaBHcOPNQufKeKBPS0g_kHN21oS9nZEO54vMNU_aem_IdMCfYWoW0AFRqAHvCXbdg&campaign_id=120230914825700313&ad_id=120230914825800313,6878,10514,2,0,9,,7015,11316,2,0,12,
TOF | AND,TOF | Mumbai | TRLa,https://vibewithmoi.in/products/ariana-gold-diamond-morganite-and-white-topaz-ear-studs?variant=40773490278463&utm_source=ig&utm_medium=paid&utm_campaign=TOF+%7C+AND&utm_content=DABA+%E2%80%93+ALL&utm_term=TOF+%7C+Mumbai+%7C+TRLa&placement=Instagram_Feed&utm_id=120230914825700313_v2_s12_e7271&fbclid=PAdGRzdgMyKNVpZ3JkAzIosWV4dG4DYWVtATAAYWRpZAGrJj2Q9uVJAacpHVHPe9eMqoWJHZhxqKf-M8q-pB-pVsEdupQLnwrKL-K9oI5VXtM2xoYjgQ_aem_Y-i3r3kAO8y-mEcz1JAvRw&campaign_id=120230914825700313&ad_id=120230916336950313,6031,9550,0,0,10,,6575,10633,3,0,10,
TOF | ATC,PFM – SI,https://vibewithmoi.in/products/rory-gilmore-diamond-dangling-earrings?utm_source=an&utm_medium=paid&utm_campaign=TOF+%7C+ATC&utm_content=10037+I+Rorry+Gilmore+I+SI&utm_term=PFM+%E2%80%93+SI&placement=an&fbclid=IwAR1BCWU-nTHAHRCG64tw2MEtJkFDdeFTuuitJvKCMXrWlX0iNlPCpTVzVy8_aem_ARUsPiUrb3J91UKIMtj0llVkj32UnLG76pxroFM7wkoSN8KGt50asgGRTOsASq2N05aA64IJQA5FkAsdKQkA463v&campaign_id=23855861076900312&ad_id=23855861076950312,2,6,0,0,0,,4,10,0,0,0,0.0
TOF | Ahmedabad Store,HOME - IG – ST,https://vibewithmoi.in/pages/moi-ahmedabad-store?utm_source=ig&utm_medium=paid&utm_campaign=TOF+%7C+Ahmedabad+Store&utm_content=Rhapsody+%7C+ST&utm_term=HOME+-+IG+%E2%80%93+ST&placement=Instagram_Stories&utm_id=120211042171460313_v2_s03_e215&fbclid=PAZXh0bgNhZW0BMABhZGlkAasbtDVCI7kBp-vEQmSBZrDdZqJ7-s2bM0ID42MQOF-MWoBxDYsMTYXPcXy_P44w-7vS4eVD_aem_amberaPP_Gbuy1Qr9yMDDw&campaign_id=120211042171460313&ad_id=120220273944450313,1,2,0,0,0,0.0,0,0,0,0,0,
TOF | Ahmedabad Store,INT JWLi - IG,https://vibewithmoi.in/?utm_source=ig&utm_medium=paid&utm_campaign=TOF+%7C+Ahmedabad+Store&utm_content=Ira+Earrings+%7C+SV&utm_term=INT+JWLi+-+IG&placement=Instagram_Feed&utm_id=120228221847960313_v2_s01&fbclid=PAZXh0bgNhZW0BMABhZGlkAasi-1BtNfkBp8qqrNazfXGkKfgUlZbZS28PY91YHucOSf0Tkv79sBNuQn07_zb1KtYdFPgQ_aem_rcSZiH15Cqjlu6ynpscusw&campaign_id=120228221847960313&ad_id=120228277686760313,19,33,0,0,0,,49,64,0,0,0,
TOF | Ahmedabad Store,LUXEi - IG,https://vibewithmoi.in/?utm_source=ig&utm_medium=paid&utm_campaign=TOF+%7C+Ahmedabad+Store&utm_content=Promise+Necklace+%7C+SV&utm_term=LUXEi+-+IG&placement=Instagram_Reels&utm_id=120228221847960313_v2_s06_e7282&fbclid=PAZXh0bgNhZW0BMABhZGlkAasi-2AZW1kBp0f0cFGP7JQrUWK_Z6W7PA7QMVRA3i4M6xIEuqA39NLMl2jl_O8X3pFzBU9A_aem_gVwPlIJ4VxglK13F9iJE8w&campaign_id=120228221847960313&ad_id=120228277782490313,58,116,0,0,0,,59,106,0,0,0,
TOF | Ahmedabad Store,TRLi - IG,https://vibewithmoi.in/collections/pendant-necklaces/products/aurora-gold-diamond-and-amethyst-pendant-necklace?utm_source=ig&utm_medium=paid&utm_campaign=TOF+%7C+Ahmedabad+Store&utm_content=Nizam+Ring+%7C+SV&utm_term=TRLi+-+IG&utm_id=120228221847960313_v2_s66_e14_i20250917&fbclid=PAQ0xDSwM4UpNleHRuA2FlbQEwAGFkaWQBqyL7R7xTqQGnc1D-RHYItlZski2JFpiw_T_JUe9gHARaQrSIKYWj_KxSThU_hS3ieShW6rs_aem_8HKE1DIOSNDkUZm_bg895A,117,251,0,0,0,,132,168,0,0,0,
TOF | All That Grace,ARL | IGi,https://vibewithmoi.in/products/jackie-gold-champagne-diamond-emerald-and-pearl-multilayered-necklace?variant=40963179839551&utm_source=ig&utm_medium=paid&utm_campaign=TOF+%7C+All+That+Grace&utm_content=All+that+grace+%281%29+%7C+CI&utm_term=ARL+%7C+IGi&placement=Instagram_Feed&campaign_id=120212527991400313&ad_id=120212528924530313,529,1395,1,0,2,,333,799,0,0,5,
TOF | All That Grace,END | IGi,https://vibewithmoi.in/products/shae-gold-diamond-and-pearl-necklace?variant=39999381897279&utm_source=ig&utm_medium=paid&utm_campaign=TOF+%7C+All+That+Grace&utm_content=All+that+grace+%7C+DABA&utm_term=END+%7C+IGi&placement=Instagram_Feed&utm_id=120212527991400313_v2_s01_e283&fbclid=PAZXh0bgNhZW0BMABhZGlkAasfURBrxLkBp-CphK_93dIav7SIJ29IQRUbk8f6UhiWsCn9wF4ww1k_cOAJp3VkcUaj2Bv-_aem_SMenq2zFGYvPxBxzHgyTXQ&campaign_id=120212527991400313&ad_id=120220076067660313,57,83,0,0,1,,470,801,0,0,1,
TOF | Bangalore,BTY1i,https://vibewithmoi.in/products/cutch-gold-silver-diamond-emerald-ruby-and-pearl-tassel-necklace?variant=41217679753279&utm_source=ig&utm_medium=paid&utm_campaign=TOF+%7C+Bangalore&utm_content=DABA+%E2%80%93+80k&utm_term=BTY1i&placement=Instagram_Reels&utm_id=120226802093420313_v2_s01&fbclid=PAZXh0bgNhZW0BMABhZGlkAasljYOZyPkBpyX7b8XdgbaIfCyHKH0weUvmybU_75UsRkeI8P0-3m6hko3rWAiynuYuWUW-_aem_KP8B3EfnTxoXPdKzSaeB-Q&campaign_id=120226802093420313&ad_id=120231104033520313,1,1,0,0,0,,4,4,0,0,0,
TOF | Bangalore,HOMEi,https://vibewithmoi.in/products/memories-gold-and-diamond-photo-pendant-necklace?variant=39318616178751&utm_source=ig&utm_medium=paid&utm_campaign=TOF+%7C+Bangalore&utm_content=DABA+%E2%80%93+80k&utm_term=HOMEi&placement=Instagram_Reels&utm_id=120226802093420313_v2_s04&fbclid=PAZXh0bgNhZW0BMABhZGlkAasjY1soROkBp5O6ZmMbB89WwBLaaku6CBymj7V8loIgmHouT6UHyLPpHHkdQmFzQq3OjJwM_aem_ezHHmWqP_zIRH342HX_Deg&campaign_id=120226802093420313&ad_id=120228058834030313,0,0,0,0,0,,1,1,0,0,0,0.0
TOF | Bangalore,LUXEi,https://vibewithmoi.in/products/audrey-gold-diamond-pearl-cluster-ring?variant=39517430382655&utm_source=ig&utm_medium=paid&utm_campaign=TOF+%7C+Bangalore&utm_content=DABA+%E2%80%93+BS+%2FTP&utm_term=LUXEi&placement=Instagram_Reels&utm_id=120226802093420313_v2_s01&fbclid=PAZXh0bgNhZW0BMABhZGlkAaslOeJDExkBp1bpMkRJzlMpD-h6IPuFU2UMbPLu_q7t6DkiZ0whz7TVwuh5pKiOUkn40MVB_aem_JOXvHv5BssxtZuykfnoQcQ&campaign_id=120226802093420313&ad_id=120227669184090313,1,1,0,0,0,,4,9,0,0,0,
TOF | Bangalore,TRLa,https://vibewithmoi.in/products/naomi-gold-diamond-tourmaline-and-pearl-necklace?variant=41284395892799&utm_source=facebook&utm_medium=paid&utm_campaign=TOF%20|%20Bangalore&utm_content=DABA%20%E2%80%93%20ALL&utm_term=TRLa&placement=Instagram_Reels&utm_id=120226802093420313_v2_s11_e7238_sp_001&fbclid=PAZXh0bgNhZW0BMABhZGlkAasjdzauQfkBp8BUXxY_LAKbzc6YDObDSL0ppN8bbXta4cdqTKLfNqZi9z-0Sacq-xLrB-c1_aem_2Eyw9ojvmcd_2i1_lvk9NA&campaign_id=120226802093420313&ad_id=120228809914920313,2,13,0,0,0,,6,15,0,0,0,
TOF | Bangalore,TRLi,https://vibewithmoi.in/products/zoe-gold-diamond-and-cultured-pearl-ring?variant=40974364966975&utm_source=ig&utm_medium=paid&utm_campaign=TOF+%7C+Bangalore&utm_content=DABA+%E2%80%93+ALL&utm_term=TRLi&placement=Instagram_Feed&utm_id=120226802093420313_v2_s02&fbclid=PAdGRleAMSq6RleHRuA2FlbQEwAGFkaWQBqyLHu7P4WQGn9geM5OShW2_S_TaLwwVXoYZQ5rroZNLGfz5iszvsyUZnknoU4K7y3OKKOlw_aem_UTSDu-Wwkcht3aghRm0REw&campaign_id=120226802093420313&ad_id=120228056137840313,4,4,0,0,0,,12,14,0,0,0,
TOF | CUSTOM | AUTO,C-OCC,https://vibewithmoi.in/products/jehan-gold-silver-sapphire-black-enamel-and-diamond-pendant-necklace?utm_source=ig&utm_medium=paid&utm_campaign=TOF+%7C+CUSTOM+%7C+AUTO&utm_content=CC&utm_term=C-OCC&placement=Instagram_Stories&fbclid=PAZXh0bgNhZW0BMABhZGlkAasWmBohTXkBpp6-A2B4iAXPzauRYCNKC-yXj8D6e_RnZI4nse9p8nzECSeXeskPlkdmJg_aem_8xLX34wdEZH0TpfFxtRxNw&campaign_id=120209632156470313&ad_id=120214139323060313,2,3,0,0,0,0.0,1,6,0,0,0,
TOF | CUSTOM | AUTO,T1 - INT JWLi,https://vibewithmoi.in/products/cairo-gold-silver-diamond-and-cognac-quartz-earrings?utm_source=facebook&utm_medium=paid&utm_campaign=TOF+%7C+CUSTOM+%7C+AUTO&utm_content=CC+%E2%80%93+BS+%2FTP+%7C+01&utm_term=T1+-+INT+JWLi&placement=Instagram_Feed&utm_id=120209632156470313_v2_s09_e7283&campaign_id=120209632156470313&ad_id=120231787194570313,4107,6305,2,0,10,,2030,3176,1,0,2,
TOF | CUSTOM | AUTO,T2 - INT JWLi,https://vibewithmoi.in/products/ira-diamond-and-pearl-earrings?utm_source=ig&utm_medium=paid&utm_campaign=TOF+%7C+CUSTOM+%7C+AUTO&utm_content=CC+%E2%80%93+BS+%2FTP+%7C+01&utm_term=T2+-+INT+JWLi&placement=Instagram_Feed&utm_id=120209632156470313_v2_s04_e283&campaign_id=120209632156470313&ad_id=120231789112320313,3590,5028,1,0,5,,2972,4433,6,0,11,
TOF | CUSTOM | AUTO,TIFF,https://vibewithmoi.in/collections/the-world-of-pearls?utm_source=fb&utm_medium=paid&utm_campaign=TOF+%7C+CUSTOM+%7C+AUTO&utm_content=IRA&utm_term=TIFF&placement=Facebook_Marketplace&fbclid=IwZXh0bgNhZW0BMAABHfEm8M4ItJlKUc7KVS4k42YV3MdAD1qW-9nO49mkhWGtkVKM6Y5XVGGMLw_aem_31kgUmOBdE6ZaEl0u4ca7g&campaign_id=120209632156530313&ad_id=120209632988070313,1,1,0,0,0,,1,1,0,0,0,
TOF | CUSTOM | AUTO,TRL - IG,https://vibewithmoi.in/products/love-gold-and-diamond-medallion-necklace?utm_source=ig&utm_medium=paid&utm_campaign=TOF+%7C+CUSTOM+%7C+AUTO&utm_content=Love+Pendant+I+SV&utm_term=TRL+-+IG&placement=Instagram_Stories&utm_id=120209632156470313_v2_s03_e215&fbclid=PAZXh0bgNhZW0BMABhZGlkAasXJWfOunkBp_2vlTxe4McaXl_HwuGg4Gp0duWpz9Q664bYYuq64tJzgg63uJgEUlPevdcJ_aem_VOYzmNEDxC192THtcYpNfg&campaign_id=120209632156470313&ad_id=120215264023150313,0,0,0,0,0,,1,1,0,0,0,0.0
TOF | CUSTOM | AUTO,TRL | IGi,https://vibewithmoi.in/collections/necklaces?utm_source=ig&utm_medium=paid&utm_campaign=TOF+%7C+CUSTOM+%7C+AUTO&utm_content=ARKA+STYLISED+%7C+SI&utm_term=TRL+%7C+IGi&placement=Instagram_Stories&utm_id=120209632156470313_v2_s66_e14_i20250922&fbclid=PAZXh0bgNhZW0BMABhZGlkAashaM0D5ikBp1RIxDSxAuLVR0wjlGNexT3HumBY4KPJ1Se9DxNEjb-dDsrQ6HHd63Jr8nOY_aem_hUq7-WVOmuLro48MCNcC8A&campaign_id=120209632156470313&ad_id=120226548681550313,270,639,0,0,0,,338,686,2,0,5,
TOF | Chennai Store,COM - LUXEi - IG,https://vibewithmoi.in/?utm_source=ig&utm_medium=paid&utm_campaign=TOF+%7C+Chennai+Store&utm_content=Fragile+Fresco+%7C+SV&utm_term=COM+-+LUXEi+-+IG&placement=Instagram_Feed&utm_id=120228277184340313_v2_s09_e7283&fbclid=PAZXh0bgNhZW0BMABhZGlkAasmWzVm0ZkBpwVj-xwKPFsaWLsisB0LUQWTUETt1ESkn3y79ognP4EPJtWwWrm5NGq4hcPH_aem_Q7a2Slm1J99RK_pRwGLcLg&campaign_id=120228277184340313&ad_id=120231988148590313,205,237,0,0,0,,280,368,0,0,0,
TOF | Chennai Store,COM - TRLi - IG,https://vibewithmoi.in/?utm_source=ig&utm_medium=paid&utm_campaign=TOF+%7C+Chennai+Store&utm_content=Emily+South+Sea+Pearl+Necklace+%7C+SV&utm_term=COM+-+TRLi+-+IG&placement=Instagram_Feed&utm_id=120228277184340313_v2_s66_e14_i20250917&fbclid=PAZXh0bgNhZW0BMABhZGlkAasmWu2gfXkBp2t8Gh0EKXUZN8f3aKEkNlNZ5l3j03r-jUt_bGZ-UYQFtwBd1a2dcdp7DDKX_aem_MwHpyfy29wtWzLOHqhry3Q&campaign_id=120228277184340313&ad_id=120231986844610313,439,514,0,0,0,,440,531,0,0,0,
TOF | Chennai Store,INT JWLi - IG,https://vibewithmoi.in/?utm_source=ig&utm_medium=paid&utm_campaign=TOF+%7C+Chennai+Store&utm_content=Tree+of+Life+Pendant+%7C+SV&utm_term=INT+JWLi+-+IG&placement=Instagram_Reels&utm_id=120228277184340313_v2_s66_e14_i20250917&fbclid=PAZXh0bgNhZW0BMABhZGlkAasmWxkQylkBpyqXfctz4VXJxGnhpW6tNSjEBn7U9eOlIZ2ETvXFboP5iZcwxVBphPyQIJGJ_aem_lgarflyFiwcDmThMlBIIUg&campaign_id=120228277184340313&ad_id=120231987580660313,768,927,0,0,0,,783,952,0,0,0,
TOF | Chennai Store,LUXEi - IG,https://vibewithmoi.in/?utm_source=ig&utm_medium=paid&utm_campaign=TOF+%7C+Chennai+Store&utm_content=Revival+Necklace+%7C+SV&utm_term=LUXEi+-+IG&placement=Instagram_Reels&utm_id=120228277184340313_v2_s09_e7283&fbclid=PAZXh0bgNhZW0BMABhZGlkAasmWxQLsfkBp3H56R_O5Fwg28hmEGsGcsU_UAJJ4aJDE8Hwsvz9nSFBxwJGgGn-fcMFzJnX_aem_t629ovyfSAeXpNdCwRvSEQ&campaign_id=120228277184340313&ad_id=120231987521710313,735,845,0,0,0,,693,808,0,0,0,
TOF | Chennai Store,OCCi - IG,https://vibewithmoi.in/collections/rings/products/autumn-gold-and-diamond-multi-gemstone-ring?utm_source=ig&utm_medium=paid&utm_campaign=TOF+%7C+Chennai+Store&utm_content=VIntage+%7C+SV&utm_term=OCCi+-+IG&utm_id=120228277184340313_v2_s66_e14_i20250918&fbclid=PAZnRzaAM5J0lleHRuA2FlbQEwAGFkaWQBqyZa7ZS9qQGnobfTkAAYellRjalTGsNY_I7y-e15XAKEnfHHFMYQ_lh5q5a2rJEIiI2P9RE_aem_s51Nf133hpvaxGfF6_FR_g,478,891,0,0,0,,502,678,0,0,0,
TOF | Chennai Store,TRLi - IG,https://vibewithmoi.in/?utm_source=ig&utm_medium=paid&utm_campaign=TOF+%7C+Chennai+Store&utm_content=Qutub+Necklace+%7C+SV&utm_term=TRLi+-+IG&placement=Instagram_Explore&utm_id=120228277184340313_v2_s09_e7262&fbclid=PAZXh0bgNhZW0BMABhZGlkAasmWt1RiGkBp4djSp_StrwBKJtpmBBRu9m42hXUb4ANmDsl3PGQvlO_1o3qdRrh_ihvjr0m_aem_JI46pJ-hhn4tOE-9G5iWeA&campaign_id=120228277184340313&ad_id=120231986261780313,502,874,0,0,1,,529,881,0,0,0,
TOF | Consideration | P+ campaign,TOF | Consideration | P+ campaign,https://vibewithmoi.in/collections/all-about-pearls/?pins_campaign_id=626755841616&utm_term=TOF+%7C+Consideration+%7C+P%2B+campaign&utm_campaign=TOF+%7C+Consideration+%7C+P%2B+campaign&utm_medium=paid&utm_source=pinterest&utm_content=687289490398&pp=0&epik=dj0yJnU9REVwS3dHbHY2ZkdiVTdwamlVRnhQM1NWTDVidFlhRzImcD0xJm49bzlmZkJWbzZqa1A0WDZDa3pDcGdYQSZ0PUFBQUFBR2pIZ2tJ,1,4,0,0,0,147.0,0,0,0,0,0,
TOF | DABA | ALL | A+,TOF | DABA | ALL | A+,https://vibewithmoi.in/products/alice-gold-diamond-ruby-and-tahitian-pearl-earring/?variant=47044869390643&utm_source=fb&utm_medium=paid&utm_campaign=TOF+%7C+DABA+%7C+ALL+%7C+A%2B&utm_content=ALL+%7C+DABA&utm_term=TOF+%7C+DABA+%7C+ALL+%7C+A%2B&placement=Facebook_Mobile_Feed&fbclid=IwZXh0bgNhZW0BMABhZGlkAasn9lPFzuMBHo4jaZRHUDJb1Fx1LSpiSIUZwm4HYmDft7GPoKSzBdkU1IMoOIqgX76Pitq__aem_sPEXRoWef6JezD7Xl97E5A&campaign_id=120233753812330675&ad_id=120233753812340675&utm_id=120233753812330675_v2_s02,4,10,0,0,0,24.75,0,0,0,0,0,
TOF | DABA | ALL | Adv,TOF | DABA | ALL | Adv,https://vibewithmoi.in/products/fira-gold-diamond-emerald-and-blue-enamel-pendant-necklace/?variant=50171344781619&utm_source=ig&utm_medium=paid&utm_campaign=TOF+%7C+DABA+%7C+ALL+%7C+Adv+&utm_content=ALL+%7C+DABA&utm_term=TOF+%7C+DABA+%7C+ALL+%7C+Adv+&placement=Instagram_Feed&utm_id=120233405949530675_v2_s02&fbclid=PAZnRzaAM-rh5leHRuA2FlbQEwAGFkaWQBqyelU9vLswGnpXfy1CJTlBWsy5A-X5rwj4zVmgAe3Q4E9qWCww_tbbHvbUNOeAYYShloxWo_aem_YUBVNi5NzwF3sbtVDjAGuQ&campaign_id=120233405949530675&ad_id=120233405949520675,1,1,0,0,0,0.0,0,0,0,0,0,
TOF | DABA | ALL | Adv+,TOF | DABA | ALL | Adv+,https://vibewithmoi.in/collections/vintage/?fbclid=IwZXh0bgNhZW0BMABhZGlkAasnpVPby7MBHhi_NSEfRj4AIqCZioZPDSjJG_a0uGpmp6f-77i--Qn5um3orR9FcKIRlxDA_aem_caocbUbVU8TuoO2Nr2_KTg&utm_source=fb&utm_medium=paid&campaign_id=120233405949530675&ad_id=120233405949520675&utm_campaign=TOF+%7C+DABA+%7C+ALL+%7C+Adv%2B&utm_content=ALL+%7C+DABA&utm_term=TOF+%7C+DABA+%7C+ALL+%7C+Adv%2B&placement=Facebook_Mobile_Feed&utm_id=120233405949530675_v2_s04,18,56,0,0,0,,22,39,0,0,0,
TOF | DABA | Evergreen | G8A | 2022,Designer Handbags + Jewelry - Aug2022,https://vibewithmoi.in/products/flower-of-life-uncut-diamond-ring/?variant=34771803504685&utm_source=fb&utm_medium=paid&utm_campaign=TOF+%7C+DABA+%7C+Evergreen+%7C+G8A+%7C+2022&utm_content=All+products+-+Vogue+-+Jul2022&utm_term=Designer+Handbags+%2B+Jewelry+-+Aug2022&fbclid=IwAR3Ln5HX4yQRmGJvzDLrUEcqs2rdY4fgoWEjIdIGF1iE6x7niq-CxGLdnDw_aem_ATkC2q-ad8U6AtgAVGaGS0OTxWlyI0XST7NiDn1uOtD8yTxqyPrFFzGNppfVohnJGf2n0fiFVa6GED8TcpxRErDpKrzTHSsmJcG5it3lPw8kQjA8zMgk1PBrfmvHjXA1lG8&ad_id=23851503963860674&campaign_id=23851503963850674,0,0,0,0,0,,1,13,0,0,0,994.0
TOF | DABA | FB,TOF | DABA | FB,https://vibewithmoi.in/products/revival-multi-gemstone-necklace/?variant=34742442065965&utm_source=fb&utm_medium=paid&utm_campaign=TOF+%7C+DABA+%7C+FB&utm_content=US+%7C+DABA+%281%29&utm_term=TOF+%7C+DABA+%7C+FB&placement=Facebook_Mobile_Feed&utm_id=120230889491980675_v2_s02&fbclid=IwZXh0bgNhZW0BMABhZGlkAasnSjuF2EMBHt_YSkYv6qw6HZbGi5l7nWbMMSnz7YH1jaN6t3LHWZ7EvR-KKJKEd6DLgyu3_aem_mUj0dLWd8p9lmdAyBvvlOw&campaign_id=120230889491980675&ad_id=120230889491970675,12,103,0,0,1,,10,20,0,0,0,
TOF | DABA | IG,TOF | DABA | IG,https://vibewithmoi.in/products/emir-gold-silver-diamond-emerald-green-enamel-and-multi-gemstone-charms-necklace/?variant=50170888782131&utm_source=ig&utm_medium=paid&utm_campaign=TOF+%7C+DABA+%7C+IG&utm_content=US+%7C+DABA+%281%29&utm_term=TOF+%7C+DABA+%7C+IG&placement=Instagram_Feed&utm_id=120231649514240675_v2_s12_e7271&fbclid=PAZXh0bgNhZW0BMABhZGlkAasnSkSOxaMBp1PDKswHGQFXQ-h-Phyoy3J2wKCgHp456d0DG9mI0pIJC8QO4aj_Uoi7OsWB_aem_uYl1NBVcyg0fPtt4WSAm-A&campaign_id=120231649514240675&ad_id=120231649514260675#MainContent,2,7,0,0,0,,1,2,0,0,0,
TOF | DABA | Value,LA,https://vibewithmoi.in/products/michelle-gold-and-diamond-ring?variant=39431752974399&utm_source=fb&utm_medium=paid&utm_campaign=TOF+%7C+DABA+%7C+Value&utm_content=DABA&utm_term=LA&placement=Facebook_Desktop_Feed&fbclid=IwAR3NpYPbBZ4RHZMkBVnQfMCVckeypsxqqTNFzhZF-fWnZb3VbFx6eNSTopI,0,0,0,0,0,,1,1,0,0,0,0.0
TOF | DABA | Value,TRL,https://vibewithmoi.in/products/norah-14k-gold-and-diamond-bracelet?variant=39353929236543&utm_source=fb&utm_medium=paid&utm_campaign=TOF+%7C+DABA+%7C+Value&utm_content=DABA&utm_term=TRL&placement=Facebook_Mobile_Feed&fbclid=IwAR2sSdmV2T2_BH6gGuCQpWDkQuHNdHN6iUiPOQWa7GLlUF3Yt5jxCBKemFg_aem_ATnglHLyso5LZ5Wdok2SN-nDiaWJ9Pt-PryeKY0a28zHErQ9eEEb62V0rAOu7KBNPUo9RQRHl39HH9zjTEAE_MZ4&campaign_id=23857152609590312&ad_id=23857152609580312,2,6,0,0,0,0.0,2,3,0,0,0,0.0
TOF | Delhi,BTY1i,https://vibewithmoi.in/products/nur-gold-diamond-and-enamel-ring?variant=41218055929919&utm_source=ig&utm_medium=paid&utm_campaign=TOF+%7C+Delhi&utm_content=DABA+%E2%80%93+80k&utm_term=BTY1i&placement=Instagram_Reels&utm_id=120226800921560313_v2_s02&fbclid=PAZXh0bgNhZW0BMABhZGlkAasljYNAEDkBpxhlh9ZdGGHe9wQf9xkxhURs3bj2ZXQ91rlxpeucxqNRDEYvHQB6n21ePTuT_aem_EpK4xn8f9LOGAfLeMwj1ZA&campaign_id=120226800921560313&ad_id=120231104033550313,1,1,0,0,0,,3,6,0,0,0,
TOF | Delhi,CARTi,https://vibewithmoi.in/products/mojito-gold-amethyst-and-diamond-ring?variant=32916336574527&utm_source=ig&utm_medium=paid&utm_campaign=TOF+%7C+Delhi&utm_content=DABA+%E2%80%93+80k&utm_term=CARTi&placement=Instagram_Feed&utm_id=120226800921560313_v2_s11_e7238_sp_011&fbclid=PAZXh0bgNhZW0BMABhZGlkAaskx40MX5kBp3O6IsfplVWCq7NheO5bDC7afhLPiibfaiiZEWdT6vkAfez8btJBtx3rjNC-_aem_gNUP-J3AYVBsGOm5Lt0QVA&campaign_id=120226800921560313&ad_id=120230254489320313,3,4,0,0,0,0.3333333333333333,0,0,0,0,0,
TOF | Delhi,HOMEi,https://vibewithmoi.in/products/myra-gold-silver-and-uncut-diamond-infinity-band-ring?variant=40444523380799&utm_source=ig&utm_medium=paid&utm_campaign=TOF+%7C+Delhi&utm_content=DABA+%E2%80%93+80k&utm_term=HOMEi&placement=Instagram_Feed&utm_id=120226800921560313_v2_s01_e247&fbclid=PAZXh0bgNhZW0BMABhZGlkAasiyMKcWjkBpyDvxTJbxZORSzE4FlGCTUXGHzAXAx9DDTdEvpmD8yJYrkN__cog4uyY-roP_aem_VKM1JTLCK8QP0Ny-KcQtDg&campaign_id=120226800921560313&ad_id=120228058176320313,0,0,0,0,0,,1,1,0,0,0,0.0
TOF | Delhi,INT JWLi – CC,https://vibewithmoi.in/products/ira-diamond-and-pearl-earrings?utm_source=ig&utm_medium=paid&utm_campaign=TOF+%7C+Delhi&utm_content=CC+%E2%80%93+BS+%2FTP+%7C+01&utm_term=INT+JWLi+%E2%80%93+CC&placement=Instagram_Feed&utm_id=120226800921560313_v2_s04_e247&fbclid=PAZXh0bgNhZW0BMABhZGlkAash0JyZNAkBp-_6PLBxrUEFv42mehzoTjHaLX_podpNS5RcOnug8BHeLHsC647oUP7piDM6_aem_zl1fuy4yS0Ac0OU3RA5koQ&campaign_id=120226800921560313&ad_id=120226994306470313,1,1,0,0,0,,1,1,0,0,0,
TOF | Delhi,LUXEi,https://vibewithmoi.in/products/felicia-gold-diamond-and-sapphire-orchid-ring?variant=41538030370879&utm_source=ig&utm_medium=paid&utm_campaign=TOF+%7C+Delhi&utm_content=DABA+%E2%80%93+BS+%2FTP&utm_term=LUXEi&placement=Instagram_Reels&utm_id=120226800921560313_v2_s08_e7011_sp_111&campaign_id=120226800921560313&ad_id=120227668490990313,7,8,0,0,0,,10,15,0,0,0,
TOF | Delhi,TRLa,https://vibewithmoi.in/products/felix-gold-diamond-rubies-sapphires-amethyst-and-garnet-bar-earrings?variant=41140020838463&utm_source=ig&utm_medium=paid&utm_campaign=TOF%20|%20Delhi&utm_content=DABA%20%E2%80%93%20ALL&utm_term=TRLa&placement=Instagram_Reels&utm_id=120226800921560313_v2_s07_e7221_sp_001&fbclid=PAZXh0bgNhZW0BMABhZGlkAasjdzKPuQkBp5FlDOQNMZHKmaVc3WHTnwMECHdxeQVNQT8nFUIriVqMoFGwEFe5oOqEHn4l_aem_1pJlAiXsRpt5LCpp00Se9w&campaign_id=120226800921560313&ad_id=120228809367500313,3,5,0,0,0,,2,5,0,0,0,
TOF | Delhi,TRLi,https://vibewithmoi.in/products/kiraz-gold-silver-diamond-golden-rutile-and-ruby-drop-earrings?variant=40773743542335&utm_source=ig&utm_medium=paid&utm_campaign=TOF+%7C+Delhi&utm_content=DABA+%E2%80%93+ALL&utm_term=TRLi&placement=Instagram_Reels&utm_id=120226800921560313_v2_s01&fbclid=PAQ0xDSwMSfsRleHRuA2FlbQEwAGFkaWQBqyLHrfkbqQGnc8c7Z-GVV4N2B-qlN4BdF37HeCttoQH_y7nSe05aCz0hZExNJWVP32fvCjo_aem_2YUu5um7UBar5eeXTeIWdg&campaign_id=120226800921560313&ad_id=120228055816690313,7,10,0,0,0,,26,32,0,0,0,
TOF | Delhi,TRLi – CC,https://vibewithmoi.in/products/juliet-gold-diamond-and-ruby-engagement-ring?utm_source=ig&utm_medium=paid&utm_campaign=TOF+%7C+Delhi&utm_content=CC+%E2%80%93+BS+%2FTP+%7C+01&utm_term=TRLi+%E2%80%93+CC&placement=Instagram_Feed&utm_id=120226800921560313_v2_s03_e247&fbclid=PAQ0xDSwLSIFZleHRuA2FlbQEwAGFkaWQBqyKmlzklKQGn8OwzVpu7M7LxlojyeKW80raMVuU6YV8MdT-9aGahD0As9E4sbHE_I9g3Vuc_aem_ZrcgvBayZNHhEPnDnv-j7g&campaign_id=120226800921560313&ad_id=120226993350850313,1,1,0,0,0,0.0,0,0,0,0,0,
TOF | Earrings,OCC,https://vibewithmoi.in/products/adele-gold-diamond-and-blue-sapphire-earrings?variant=40237482442815&utm_source=ig&utm_medium=paid&utm_campaign=TOF+%7C+Earrings&utm_content=Earrings+%7C+DABA&utm_term=OCC&placement=Instagram_Feed&utm_id=23853414517860312_v2_s03_e215&fbclid=PAQ0xDSwKSXT5leHRuA2FlbQEwAGFkaWQBqxVMTjMcOQGndR94UzFs6mEiU2i7liE6_pm5y5mmTNaPp-DtddsSa4Oin02VGGgYHxn1lFU_aem_Vu_-xhcYNbCD6nBD-GbM1Q&campaign_id=23853414517860312&ad_id=23854335761930312,0,0,0,0,0,,2,5,0,0,0,1.5
TOF | Earrings,TRL,https://vibewithmoi.in/products/alice-gold-diamond-ruby-and-tahitian-pearl-earring?ad_id=23857702919620312&campaign_id=23857702431260312&fbclid=IwAR0i9yA33PR3IW1058NFWXbla34qpRsYMPWXz7UCCFv9wc6QMxvm_clrmbI_aem_ASycHNTQVmVGurnTFZgtqV1Y7-Ruhg_1QECQCFn2u_VJPRIjCzkPGuPcXeotorgUMYHs33guuAtQ-SaBcIezNdbE&placement=Facebook_Mobile_Feed&utm_campaign=TOF%20%7C%20Earrings&utm_content=Earrings%20%7C%20DABA&utm_medium=paid&utm_source=fb&utm_term=TRL&variant=40196780556351,5,12,1,0,1,,2,5,0,0,0,
TOF | India,DEPTi,https://vibewithmoi.in/products/memories-gold-and-diamond-photo-pendant-necklace?variant=39318616178751&utm_source=ig&utm_medium=paid&utm_campaign=TOF+%7C+India&utm_content=DABA+%E2%80%93+80k&utm_term=DEPTi&placement=Instagram_Reels&utm_id=120228061558010313_v2_s03&fbclid=PAZXh0bgNhZW0BMABhZGlkAasljcDcxLkBp4EjhoRwIkvQrXkI3ixjEDLBryR47VEFcZ0Hvv7qLqmcxrc-nIqay4aZduUy_aem_2sNMIHY6NA2qQSGc6kUlZQ&campaign_id=120228061558010313&ad_id=120231104956210313,0,0,0,0,0,,4,4,0,0,0,0.0
TOF | India,HOMEi,https://vibewithmoi.in/products/felix-gold-silver-ruby-and-sapphire-ring?variant=33007914090559&utm_source=ig&utm_medium=paid&utm_campaign=TOF+%7C+India&utm_content=DABA+%E2%80%93+80k&utm_term=HOMEi&placement=Instagram_Feed&utm_id=120228061558010313_v2_s03_e247&fbclid=PAQ0xDSwLbLgBleHRuA2FlbQEwAGFkaWQBqyLJFthg2QGn2X94_THt-CNBek_1gSJf0EZ6l9sd8Iij-ehQ14DZtHBz9NaIf4CPzKDS3KE_aem_wNaNQL5ILJDeasQZoqoItw&campaign_id=120228061558010313&ad_id=120228061557990313,2,3,0,0,0,0.0,0,0,0,0,0,
TOF | India,IND - TRLi,https://vibewithmoi.in/products/eden-emerald-gold-and-diamond-ear-studs?variant=39598256193599&utm_source=ig&utm_medium=paid&utm_campaign=TOF+%7C+India&utm_content=DABA+%E2%80%93+ALL&utm_term=IND+-+TRLi&placement=Instagram_Reels&utm_id=120228061558010313_v2_s04&campaign_id=120228061558010313&ad_id=120228468390580313,12,15,0,0,0,,29,48,0,0,0,
TOF | India,INT JWLi – CC,https://vibewithmoi.in/products/juliet-gold-diamond-and-ruby-engagement-ring?utm_source=ig&utm_medium=paid&utm_campaign=TOF+%7C+India&utm_content=CC+%E2%80%93+BS+%2FTP+%7C+01&utm_term=INT+JWLi+%E2%80%93+CC&placement=Instagram_Feed&utm_id=120228061558010313_v2_s02&fbclid=PAZXh0bgNhZW0BMABhZGlkAaslhMS7JnkBp2fwTLWJqWd1pt0kSvUx1YcuO7PubT_dw2twMmu6uNIPk1liK69fIFmFBR-j_aem_CbQNntGGy0LEN9lSN2-zxw&campaign_id=120228061558010313&ad_id=120228061558080313,1,3,0,0,0,,1,1,0,0,0,
TOF | India,LUXEi,https://vibewithmoi.in/products/cairo-gold-silver-diamond-and-cognac-quartz-earrings?variant=41375235768383&utm_source=ig&utm_medium=paid&utm_campaign=TOF+%7C+India&utm_content=DABA+%E2%80%93+BS+%2FTP&utm_term=LUXEi&placement=Instagram_Reels&utm_id=120228061558010313_v2_s09_e7200_sp_011&fbclid=PAZXh0bgNhZW0BMABhZGlkAaslOeI1pZkBpzBhm7l7aXFZlMZWiq0GqtUlRzv3bQrq0Yc1I1r88FgFhYT1yx9RURLEIoLc_aem_mb34YnpVxxsgQSJFxpEGEg&campaign_id=120228061558010313&ad_id=120228061558020313,3,4,0,0,0,,6,9,0,0,0,
TOF | India,OCCi,https://vibewithmoi.in/products/felix-gold-silver-ruby-and-sapphire-ring?variant=33007914090559&utm_source=ig&utm_medium=paid&utm_campaign=TOF+%7C+India&utm_content=DABA+%E2%80%93+80k&utm_term=OCCi&placement=Instagram_Reels&utm_id=120228061558010313_v2_s01&fbclid=PAZXh0bgNhZW0BMABhZGlkAaskyqWPXnkBp_53Af6hVB5ZYOCvs2SjwSskh6bJ_pT7RxBqqc_C7BqRpHYsOnGcg1-LV_e4_aem_Mql8-Yom1Im7bU7URQkXTw&campaign_id=120228061558010313&ad_id=120230257831240313,0,0,0,0,0,,1,2,0,0,0,0.0
TOF | India,TRLi,https://vibewithmoi.in/products/gaj-elephant-labradorite-pendant-necklace?variant=39476068253759&utm_source=ig&utm_medium=paid&utm_campaign=TOF+%7C+India&utm_content=DABA+%E2%80%93+ALL&utm_term=TRLi&placement=Instagram_Reels&utm_id=120228061558010313_v2_s09_e7218_sp_101&fbclid=PAQ0xDSwLXGTVleHRuA2FlbQEwAGFkaWQBqyLJFxcXiQGnmGbxFVBLIrLGZJbj5KcgSOEQiO_Hy1TWauuJzuwHQo3eNe_Tq4fEHQzAeVQ_aem_GELI3fM1h6TfHFiBBCdUNw&campaign_id=120228061558010313&ad_id=120228061558040313,5,5,0,0,0,,22,27,0,0,0,
TOF | India Modern,HOME - IGi,https://vibewithmoi.in/products/zora-gold-diamond-and-sapphire-earrings?variant=39825884938303&utm_source=ig&utm_medium=paid&utm_campaign=TOF+%7C+India+Modern&utm_content=DABA+%E2%80%93+BS+%2FTP+1&utm_term=HOME+-+IGi&placement=Others&utm_id=120204290276700313_v2_s04_e215&fbclid=PAQ0xDSwKcRVNleHRuA2FlbQEwAGFkaWQBqx_CmCjYmQGn-_zhsKN8HShXSiibdmunWPL9jILqhIZhuaTBbA3itjyTzN7SsLQqLxAgCeE_aem_I_kjRo49HwXyxBa_67rWug&campaign_id=120204290276700313&ad_id=120224735669820313,0,0,0,0,0,,1,2,0,0,0,0.0
TOF | India Modern,INT JWLY - IGi,https://vibewithmoi.in/products/juliet-gold-diamond-and-ruby-engagement-ring?variant=39689752215615&utm_source=ig&utm_medium=paid&utm_campaign=TOF+%7C+India+Modern&utm_content=DABA+%E2%80%93+BS+%2FTP+1&utm_term=INT+JWLY+-+IGi&placement=Instagram_Feed&utm_id=120204290276700313_v2_s10_e7087_sp_111&fbclid=PAQ0xDSwKsSeZleHRuA2FlbQEwAGFkaWQBqx23hznpqQGnjTRWD8Bnw7pcI482hZA9jUM6rejw0LCdLq_OWbf7f3f074r1zKcVveAQVLE_aem_zmbS1Wvs6QyGmToJT2rXNg&campaign_id=120204290276700313&ad_id=120213840931560313,0,0,0,0,0,,1,1,0,0,0,0.0
TOF | India Modern,JWLY + TRL - FBi,https://vibewithmoi.in/products/anah-rose-quartz-gold-and-diamond-necklace?variant=40002991456319&utm_source=fb&utm_medium=paid&utm_campaign=TOF+%7C+India+Modern&utm_content=DABA+%E2%80%93+BS+%2FTP+1&utm_term=JWLY+%2B+TRL+-+FBi&placement=Facebook_Mobile_Feed&fbclid=IwZXh0bgNhZW0BMABhZGlkAasdtWw6g6kBHmx5_tqED2SgYf3sa4xjRwqCp6JzrA0JWID2VkKmJm-PLUD2Ei4e6Kzh1vkV_aem_V46ZcCYLBifvd5uN5JnTww&campaign_id=120204290276700313&ad_id=120213840931530313&audience=new_sale&utm_id=120204290276700313_v2_s06_e6965_sp_011,2,3,0,0,0,,1,1,0,0,0,
TOF | India Modern,TOF | Bangalore | TIFFi,https://vibewithmoi.in/products/serendipity-gold-and-ruby-claw-amulet-pendant-necklace?variant=39318658777151&utm_source=ig&utm_medium=paid&utm_campaign=TOF+%7C+India+Modern&utm_content=DABA+%E2%80%93+BS+%2FTP+1&utm_term=TOF+%7C+Bangalore+%7C+TIFFi&placement=Instagram_Reels&utm_id=120228725469310313_v2_s66_e14_i20250918&fbclid=PAZXh0bgNhZW0BMABhZGlkAasjY9aPdKkBp-OhZ6S_49booSCAdcM3pb8JQRakg3qsA_D8lADRqPOGEKa3TnDuXZiFveD4_aem_Yt123YSJxRGbDJbIkgchTw&campaign_id=120228725469310313&ad_id=120228726653490313,1199,1683,4,0,12,,1344,1973,4,1,9,
TOF | India Modern,TOF | Delhi | TIFFi,https://vibewithmoi.in/products/autumn-gold-and-diamond-colorful-gemstone-stud-earrings?variant=39483460059199&utm_source=ig&utm_medium=paid&utm_campaign=TOF+%7C+India+Modern&utm_content=DABA+%E2%80%93+BS+%2FTP+1&utm_term=TOF+%7C+Delhi+%7C+TIFFi&placement=Instagram_Feed&utm_id=120228725469310313_v2_s12_e7271&fbclid=PAZXh0bgNhZW0BMABhZGlkAasjY9bQJykBp6Q5pJjWqcurAAYWw0HIAlrnt6s3oe1VVOjlenAy_SGWvzPedMf7XcCs2CvT_aem_1mPN520EY52r2zh-u9_1XA&campaign_id=120228725469310313&ad_id=120228726654990313,2080,2827,5,0,17,,1774,2574,6,0,19,
TOF | India Modern,TOF | India | TIFFi,https://vibewithmoi.in/products/firdos-multi-gemstone-diamond-bracelet?variant=39318637641791&utm_source=ig&utm_medium=paid&utm_campaign=TOF+%7C+India+Modern&utm_content=DABA+%E2%80%93+BS+%2FTP+1&utm_term=TOF+%7C+India+%7C+TIFFi&placement=Instagram_Reels&utm_id=120228725469310313_v2_s09_e7103&fbclid=PAZXh0bgNhZW0BMABhZGlkAasjY8y4E7kBp2JGUxI3yUGD2ONsVkCi6OvSB4trSffhtDNDDvdF0aYp5dBbWKsoDAMlLNaA_aem_xPUp2Z8K230j-54EM0TeBQ&campaign_id=120228725469310313&ad_id=120228726118830313,1,1,0,0,0,,88,103,0,0,1,
TOF | India Modern,TOF | Mumbai | TIFFi,https://vibewithmoi.in/products/venice-gold-tanzanite-and-diamond-ring?variant=40436164558911&utm_source=ig&utm_medium=paid&utm_campaign=TOF+%7C+India+Modern&utm_content=DABA+%E2%80%93+BS+%2FTP+1&utm_term=TOF+%7C+Mumbai+%7C+TIFFi&placement=Instagram_Reels&utm_id=120228725469310313_v2_s08_e7298&fbclid=PAZXh0bgNhZW0BMABhZGlkAasjY9a7ZqkBp5SP04fpnjYlPanufGciEz7iCOpp0yf0ekNa1EKx_AqAMbaLfguj3tMV_Qyh_aem_yRuPCXtbXvdu3QyISe63UQ&campaign_id=120228725469310313&ad_id=120228726653470313,2062,3005,7,0,20,,1718,2497,5,0,17,
TOF | India Modern,TOF | Pune | TIFFi,https://vibewithmoi.in/products/felix-gold-diamond-sapphire-ruby-and-peridot-statement-earrings?variant=41635217670207&utm_source=ig&utm_medium=paid&utm_campaign=TOF+%7C+India+Modern&utm_content=DABA+%E2%80%93+BS+%2FTP+1&utm_term=TOF+%7C+Pune+%7C+TIFFi&placement=Instagram_Feed&utm_id=120228725469310313_v2_s01_e283&fbclid=PAZXh0bgNhZW0BMABhZGlkAasjY9aW7rkBp4udiQ8a4mb9acy-bwg2qwLrI4-6QiRKv4wZTWt8BaXhUnCBI975c3_08yNJ_aem_W-cmy6Y8YxCwfHZc6E5YkQ&campaign_id=120228725469310313&ad_id=120228726653220313,0,0,0,0,0,,96,119,1,0,1,12.71875
TOF | KHB,INT JWLY,https://vibewithmoi.in/products/nawab-gold-and-pearl-multi-gemstones-necklace-for-women?utm_source=an&utm_medium=paid&utm_campaign=TOF+%7C+KHB&utm_content=10012+_+Nawab+Necklace+_+SI&utm_term=INT+JWLY&placement=an&fbclid=IwY2xjawFwvyFleHRuA2FlbQEwAAEd1JF0kDizRDY6WIq5sQfEETfqn4-dhzwecfWU_9ZnOXFYag1UJ7UNtJAA_aem_NnHAY0IrBaRJWQmougsWjw&campaign_id=23853556397970312&ad_id=23858624570650312,0,0,0,0,0,,1,1,0,0,0,0.0
TOF | KHB,OCC,https://vibewithmoi.in/products/qutub-multi-gemstones-gold-necklace-for-women?utm_source=an&utm_medium=paid&utm_campaign=TOF+%7C+KHB&utm_content=10010+_+Qutub+Necklace+_+SI&utm_term=OCC&placement=an&fbclid=IwAR2G-rYbg9M5Gee2LojcAIHwEkEus2cgbAAl79BU7B7kTYcurERs_nDc-iU,0,0,0,0,0,,3,5,0,0,0,18.666666666666668
TOF | KHB |,INT JWLY | IG,https://vibewithmoi.in/pages/india-festive?utm_source=ig&utm_medium=paid&utm_campaign=TOF%20|%20KHB%20|&utm_content=Mansa%20Necklace%20|%20SI&utm_term=INT%20JWLY%20|%20IG&placement=Instagram_Stories&fbclid=PAZXh0bgNhZW0BMABhZGlkAasWctzagPkBps_tQOHWnVLh7gxZheh0qzphes2D62_j9SE3BnlgucqK2IAH9hquEHY1GQ_aem_p09aYCreaZSvbRnzW5JlxA&campaign_id=120212610085270313&ad_id=120214297781600313,0,0,0,0,0,,2,6,0,0,0,10.0
TOF | KHB |,INT JWLY | IGi,https://vibewithmoi.in/products/hyderabad-pearl-and-multi-stone-choker-necklace?variant=41305800671295&utm_source=ig&utm_medium=paid&utm_campaign=TOF+%7C+KHB+%7C&utm_content=KHB+%7C+DABA+%281%29&utm_term=INT+JWLY+%7C+IGi&placement=Instagram_Feed&fbclid=PAZXh0bgNhZW0BMABhZGlkAasWckhMkOkBpg27smiqWHMMOb8Q4W5ov7AKGdlkazBFZJsst0ItUT0GjxJzOX5bQZcydQ_aem_gec795SZAQB15MNTjEx-Tw&campaign_id=120212610085270313&ad_id=120214495008770313,2,2,0,0,0,,1,1,0,0,0,
TOF | KHB |,OCC | IG,https://vibewithmoi.in/products/fez-gold-silver-diamond-south-sea-pearl-emerald-and-enamel-necklace?variant=41217672642623&utm_source=ig&utm_medium=paid&utm_campaign=TOF+%7C+KHB+%7C&utm_content=KHB+%7C+DABA+%281%29&utm_term=OCC+%7C+IG&placement=Instagram_Feed&fbclid=PAZXh0bgNhZW0BMABhZGlkAasV2d_myBkBpoTwvfdxTyAu7GZDSVwB6fA8uKp5VX44082XXPZ-oY-cwFMe3v9bmRP2MA_aem_XcWD-mO8Ada09KBwYIlJ9w&campaign_id=120212610085270313&ad_id=120212610444490313,0,0,0,0,0,,3,6,0,0,0,8.0
TOF | Mumbai,DEPTi,https://vibewithmoi.in/products/felix-gold-silver-ruby-and-sapphire-ring?variant=33007914090559&utm_source=ig&utm_medium=paid&utm_campaign=TOF+%7C+Mumbai&utm_content=DABA+%E2%80%93+80k&utm_term=DEPTi&placement=Instagram_Reels&utm_id=120227915088340313_v2_s05_e7362_c1&fbclid=PAZXh0bgNhZW0BMABhZGlkAasljbGWZgkBp8GgAXz6sXxhRNGB6wf3JiX1cxxPiULWDNcFoYbuIVPiYDVzIbIgQEpj4vmx_aem_uKBMA22tX3eaSLPFXP5epA&campaign_id=120227915088340313&ad_id=120231104956200313,1,1,0,0,0,,1,2,1,0,1,
TOF | Mumbai,HOMEi,https://vibewithmoi.in/products/jaipur-gold-silver-uncut-diamond-and-ruby-earrings?variant=32852615954495&utm_source=ig&utm_medium=paid&utm_campaign=TOF+%7C+Mumbai&utm_content=DABA+%E2%80%93+80k&utm_term=HOMEi&placement=Instagram_Reels&utm_id=120227915088340313_v2_s03_e247&fbclid=PAZXh0bgNhZW0BMABhZGlkAasiyLzjqUkBp9-XK0LYNbSbOXKK0cNGtkdH9L1d-NSY_9M1ixLmzEPmIFnlx5iCLonaOGmR_aem_OOwCljBKdWf1ixI82TDqKg&campaign_id=120227915088340313&ad_id=120228059179560313,0,0,0,0,0,,1,1,0,0,0,0.0
TOF | Mumbai,INT JWLi – CC,https://vibewithmoi.in/products/anah-rose-quartz-gold-and-diamond-necklace?utm_source=ig&utm_medium=paid&utm_campaign=TOF+%7C+Mumbai&utm_content=CC+%E2%80%93+BS+%2FTP+%7C+01&utm_term=INT+JWLi+%E2%80%93+CC&placement=Instagram_Feed&utm_id=120227915088340313_v2_s12_e6986_sp_011&fbclid=PAZXh0bgNhZW0BMABhZGlkAasjK66yqTkBp6QKOGe2Kufuye1zqms9vI1_VCY4dEGOJ4WpUSBo-Y4Z6O_WPK2LLORwB-fo_aem_sKxAj0tq_F6Ps5nd12sAJw&campaign_id=120227915088340313&ad_id=120228056884250313,2,2,0,0,0,,3,3,0,0,0,
TOF | Mumbai,LUXEi,https://vibewithmoi.in/products/ira-diamond-and-pearl-earrings?variant=39668305133631&utm_source=ig&utm_medium=paid&utm_campaign=TOF+%7C+Mumbai&utm_content=DABA+%E2%80%93+BS+%2FTP&utm_term=LUXEi&placement=Instagram_Reels&utm_id=120227915088340313_v2_s04&campaign_id=120227915088340313&ad_id=120227915088380313,1,1,0,0,0,,7,19,0,0,0,
TOF | Mumbai,OCCi,https://vibewithmoi.in/products/leena-gold-ruby-and-pearl-earrings?variant=40192658145343&utm_source=ig&utm_medium=paid&utm_campaign=TOF+%7C+Mumbai&utm_content=DABA+%E2%80%93+80k&utm_term=OCCi&placement=Instagram_Reels&utm_id=120227915088340313_v2_s03&fbclid=PAZXh0bgNhZW0BMABhZGlkAaskyqbktUkBp8HZHSw3GIT92z6Wi0FSXrgDW6UWRtd68mnCkWPxZ9M8LooVvGY8jIw1FoXp_aem_5seDsld3fUOa63Pa8t7btg&campaign_id=120227915088340313&ad_id=120230257831190313,3,3,0,0,0,,3,5,0,0,0,
TOF | Mumbai,TRLa,https://vibewithmoi.in/products/faye-gold-diamond-and-muti-sapphire-necklace?variant=40194843476031&utm_source=ig&utm_medium=paid&utm_campaign=TOF%20|%20Mumbai&utm_content=DABA%20%E2%80%93%20ALL&utm_term=TRLa&placement=Instagram_Reels&utm_id=120227915088340313_v2_s04&fbclid=PAZXh0bgNhZW0BMABhZGlkAaslOWjkXYkBp9UeGh5gGfSCP2TlqQJ7gyaFvoEaqYqG6QXkTW_25W6NCJ2sNPaIdhYjcVrU_aem_nKo33CuDhfS8pDl8AqcFkQ&campaign_id=120227915088340313&ad_id=120230703556850313,2,4,0,0,0,,3,10,0,0,0,
TOF | Mumbai,TRLi,https://vibewithmoi.in/products/crimson-eva-gold-diamond-and-red-enamel-earrings?variant=40194928672831&utm_source=ig&utm_medium=paid&utm_campaign=TOF+%7C+Mumbai&utm_content=DABA+%E2%80%93+ALL&utm_term=TRLi&placement=Instagram_Reels&utm_id=120227915088340313_v2_s11_e7067_sp_011&fbclid=PAZXh0bgNhZW0BMABhZGlkAasix8YncjkBp5f4XIj-yIQczOO7NPO6C3yN27LHNnwHz6odKJSd3xhf3RVVUT6ovaCa___H_aem_LMhieDkp9-KjEUstCBv19A&campaign_id=120227915088340313&ad_id=120228056381340313,1,1,0,0,0,,9,26,0,0,0,
TOF | New Arrivals,T1 - INT JWLi - FEED SI,https://vibewithmoi.in/pages/the-green-room?utm_source=ig&utm_medium=paid&utm_campaign=TOF+%7C+New+Arrivals&utm_content=Green+Room+I+FEED+SI+03&utm_term=T1+-+INT+JWLi+-+FEED+SI&placement=Instagram_Feed&utm_id=120233509173440313_v2_s66_e14_i20250923&fbclid=PAZXh0bgNhZW0BMABhZGlkAasnv8DdrbkBp2NavK4Wq8OoA0y8MO0dKpG1OXpMoXZNVP5ZnPhED3_ERq9Bcg3qjS_Um4NO_aem_DsUA6ojmm7lAZ93YT9KY4Q&campaign_id=120233509173440313&ad_id=120233516466730313,1,6,0,0,0,450.0,0,0,0,0,0,
TOF | New Arrivals,T1 - INT JWLi - ST SV,https://vibewithmoi.in/pages/the-green-room?utm_source=ig&utm_medium=paid&utm_campaign=TOF+%7C+New+Arrivals&utm_content=Green+Room+I+ST+SV+02&utm_term=T1+-+INT+JWLi+-+ST+SV&placement=Instagram_Stories&utm_id=120233509173440313_v2_s66_e14_i20250923&fbclid=PAZXh0bgNhZW0BMABhZGlkAasnv82rklkBp2TVWd0kpYYJLMNcUbs6Hay19rbiJSTUO_hxdZFlK2VqLe7GajrkNGSyX4SQ_aem_x3T4aXvE-odYe2Qg20Y18w&campaign_id=120233509173440313&ad_id=120233519667330313,2,3,0,0,0,0.0,0,0,0,0,0,
TOF | New Arrivals,T1 - TRLi - FEED SV,https://vibewithmoi.in/pages/the-green-room?utm_source=ig&utm_medium=paid&utm_campaign=TOF+%7C+New+Arrivals&utm_content=Green+Room+I+FEED+SV+01&utm_term=T1+-+TRLi+-+FEED+SV&placement=Instagram_Feed&utm_id=120233509173440313_v2_s10_e7284&fbclid=PAZXh0bgNhZW0BMABhZGlkAasnv7C9QrkBp-wZQDY6u704q_SijRpdnGI2LjHSkJXWcepZEeWKQpieLBzWC29MbIK6opp3_aem_GIQL6YGOy8i-fdUbIfib5A&campaign_id=120233509173440313&ad_id=120233518701460313,4,4,0,0,0,0.0,0,0,0,0,0,
TOF | New Arrivals,T1 - TRLi - RL SV,https://vibewithmoi.in/pages/the-green-room?utm_source=ig&utm_medium=paid&utm_campaign=TOF+%7C+New+Arrivals&utm_content=Green+Room+I+RL+SV+01&utm_term=T1+-+TRLi+-+RL+SV&placement=Instagram_Reels&utm_id=120233509173440313_v2_s65_e14_i20250923&fbclid=PAZXh0bgNhZW0BMABhZGlkAasnv3fyYZkBp9fwC0EPBTU9T1d3FN0ZNJ-IMJAXx5sw6zWYtsp6IKDIfQAA2L_Sbi2lbAj1_aem_Owv6FMj9Xy4bJYJe3cLTFw&campaign_id=120233509173440313&ad_id=120233518119660313,13,15,0,0,0,1.3076923076923077,0,0,0,0,0,
TOF | New Arrivals,T1 - TRLi - ST SI,https://vibewithmoi.in/pages/the-green-room?utm_source=ig&utm_medium=paid&utm_campaign=TOF+%7C+New+Arrivals&utm_content=Green+Room+I+ST+SI+04&utm_term=T1+-+TRLi+-+ST+SI&placement=Instagram_Stories&utm_id=120233509173440313_v2_s66_e14_i20250923&fbclid=PAZXh0bgNhZW0BMABhZGlkAasnv2Sd9LkBp902E_jR9b4g6XCqQ3Ts2gDmEQ1zUBkuS69LWMMe9FyitMxEqbcvHOYXlt8j_aem_XqZDQnbENjpSGjEuWjZeFg&campaign_id=120233509173440313&ad_id=120233516438420313,10,18,0,0,0,31.0,0,0,0,0,0,
TOF | New Arrivals,WCH | IG,https://vibewithmoi.in/pages/new-arrivals?utm_source=ig&utm_medium=paid&utm_campaign=TOF%20|%20New%20Arrivals&utm_content=New%20Arrivals%20|%20CC&utm_term=WCH%20|%20IG&placement=Instagram_Feed&utm_id=120224256270130313_v2_s01_e215&fbclid=PAZXh0bgNhZW0BMABhZGlkAasfUxzwWWkBp2qqJn0VrtGMFVpfL2jHiZ98lbjSr3Ox_pUKYnzlzncd7HnUlEUmbrUOPSAp_aem_UQqlYDRciEnRcKvqAMewjA&campaign_id=120224256270130313&ad_id=120224256270260313,1,5,0,0,0,0.0,0,0,0,0,0,
TOF | Pune,INT JWLi – CC,https://vibewithmoi.in/products/juliet-gold-diamond-and-ruby-engagement-ring?utm_source=ig&utm_medium=paid&utm_campaign=TOF+%7C+Pune&utm_content=CC+%E2%80%93+BS+%2FTP+%7C+01&utm_term=INT+JWLi+%E2%80%93+CC&placement=Instagram_Feed&utm_id=120227915374980313_v2_s02_e247&fbclid=PAZXh0bgNhZW0BMABhZGlkAasjK7lMvekBp67nwtNGv1YZshY-rVlNA7fAQM1MQYTYKizvwARMi3qOmucVHq2FksCGlcSF_aem_sLUwLaEzJn391XJwxlCLgg&campaign_id=120227915374980313&ad_id=120228056746280313,1,1,0,0,0,0.0,0,0,0,0,0,
TOF | Pune,LUXEi,https://vibewithmoi.in/products/felicia-gold-diamond-and-sapphire-orchid-ring?variant=41538030370879&utm_source=ig&utm_medium=paid&utm_campaign=TOF+%7C+Pune&utm_content=DABA+%E2%80%93+BS+%2FTP&utm_term=LUXEi&placement=Instagram_Reels&utm_id=120227915374980313_v2_s07_e7233_sp_001&fbclid=PAZXh0bgNhZW0BMABhZGlkAasipvatVTkBpz5AuIeGz3QsbJGfcOZFHywKF1zt8U1cfGp7fs5HFdFs9L9l8BhdSgwFtgEm_aem_N2xp1_MXY5-5Z5FQ5mOI7w&campaign_id=120227915374980313&ad_id=120227915375020313,1,1,0,0,0,,3,3,0,0,0,
TOF | Pune,TRLi,https://vibewithmoi.in/products/elizabeth-gold-diamond-and-emerald-terahertz-bracelet?variant=40092744941631&utm_source=ig&utm_medium=paid&utm_campaign=TOF+%7C+Pune&utm_content=DABA+%E2%80%93+ALL&utm_term=TRLi&placement=Instagram_Feed&utm_id=120227915374980313_v2_s04&fbclid=PAZXh0bgNhZW0BMABhZGlkAasiyR9ql5kBpxZZxByen0w7JL3LkCNLDM2-QAuL-A6emOPrg46B9XtUebpPfnQ3mpYBlcsJ_aem_iBHaRKCN-HeDRU0u-q1mFA&campaign_id=120227915374980313&ad_id=120228056554550313,4,5,0,0,0,,8,12,0,0,0,
TOF | Reels,HOME,https://vibewithmoi.in/collections/all/products/nizam-tanzanite-and-emerald-ring?utm_source=ig&utm_medium=paid&utm_campaign=TOF%20%7C%20Reels&utm_term=HOME&utm_content=Emir%20Earrings%20%7C%20SV&utm_id=120218055307560313_v2_s02,0,0,0,0,0,,2,2,0,0,0,0.0
TOF | Static,BTY,https://vibewithmoi.in/collections/all-about-pearls?utm_source=%7B%7Bsite_source_name%7D%7D&utm_medium=paid&utm_campaign=TOF+%7C+Static&utm_content=Ira+Earrings+%7C+SI&utm_term=BTY&placement=%7B%7Bplacement%7D%7D,1,2,0,0,0,0.0,0,0,0,0,0,
TOF | Static,HOME,https://vibewithmoi.in/collections/top-picks-earrings?utm_source=%7B%7Bsite_source_name%7D%7D&utm_medium=paid&utm_campaign=TOF+%7C+Static&utm_content=Emir+Earrings+%7C+SI&utm_term=HOME&placement=%7B%7Bplacement%7D%7D,1,2,0,0,0,0.0,0,0,0,0,0,
TOF | Story/Reel,T1 | HIGH | IGi | ST,https://vibewithmoi.in/pages/rhapsody?utm_source=ig&utm_medium=paid&utm_campaign=TOF+%7C+Story%2FReel&utm_content=Raphsody+I+SI&utm_term=T1+%7C+HIGH+%7C+IGi+%7C+ST&placement=Instagram_Stories&utm_id=120213378493220313_v2_s11_e7292&fbclid=PAZXh0bgNhZW0BMABhZGlkAasmPMja3kkBp2_rVAO1oU9LUo-9lvqTh3_Pne8op6218amlOB-fIym5dKN30ggvW1F3yBJe_aem_zg2U4yY4qXo2rfyu1eTRzw&campaign_id=120213378493220313&ad_id=120231857018400313,0,0,0,0,0,,50,81,0,0,0,9.48
TOF | Story/Reel,T1 | LUXE | IGi | ST,https://vibewithmoi.in/collections/sapphires-tanzanites?utm_source=facebook&utm_medium=paid&utm_campaign=TOF+%7C+Story%2FReel&utm_content=Sapphires+I+SI&utm_term=T1+%7C+LUXE+%7C+IGi+%7C+ST&placement=Instagram_Stories&utm_id=120213378493220313_v2_s04_e283&campaign_id=120213378493220313&ad_id=120231911512070313,75,129,0,0,0,,731,1298,0,0,1,
TOF | Story/Reel,T1 | TRL | IGi | RL,https://vibewithmoi.in/products/qutub-multi-gemstones-gold-necklace-for-women?utm_source=ig&utm_medium=paid&utm_campaign=TOF+%7C+Story%2FReel&utm_content=Qutub+Necklace+%7C+RL&utm_term=T1+%7C+TRL+%7C+IGi+%7C+RL&placement=Instagram_Reels&utm_id=120213378493220313_v2_s07_e7373_c1&campaign_id=120213378493220313&ad_id=120231908221020313,5234,7819,5,1,10,,1625,2533,2,0,4,
TOF | Story/Reel,TRL | IG | ST RL | PDP,https://vibewithmoi.in/products/thea-gold-silver-diamond-emerald-blue-enamel-and-blue-sapphire-drop-earrings?utm_source=ig&utm_medium=paid&utm_campaign=TOF%20|%20Story/Reel&utm_content=Thea%20Earrings%20I%20SV&utm_term=TRL%20|%20IG%20|%20ST%20RL%20|%20PDP&placement=Instagram_Stories&fbclid=PAZXh0bgNhZW0BMABhZGlkAasX2f-I12kBpr1BkfNXUNoh1F_ujo10GcmgFzU2jzY3UzYoomq7sQ3aUo_2MT6rvfKPyA_aem_QOix_Mszy4VHxZiRwzxerQ&campaign_id=120213378493220313&ad_id=120216040027760313,0,0,0,0,0,,1,3,0,0,0,0.0
TOF | Story/Reel,TRL | IGi | ST,https://vibewithmoi.in/collections/sapphires-tanzanites?utm_source=ig&utm_medium=paid&utm_campaign=TOF+%7C+Story%2FReel&utm_content=Sapphires+I+SI&utm_term=TRL+%7C+IGi+%7C+ST&placement=Instagram_Stories&utm_id=120213378493220313_v2_s11_e7378&campaign_id=120213378493220313&ad_id=120226547772590313#MainContent,1208,2965,0,0,3,,589,1258,0,0,2,
TOF+%7C+80k,OCC+%E2%80%93+IGi,https://vibewithmoi.in/?utm_source=fb&utm_medium=paid&utm_campaign=TOF%2B%257C%2B80k&utm_content=80k%2BDABA&utm_term=OCC%2B%25E2%2580%2593%2BIGi&placement=Facebook_Right_Column&fbclid=IwZXh0bgNhZW0CMTEAAR5Pg9RWs981LF0PlBt6F3jNL8Om6rfPMDcGZl4WVO2XHcG_BiqPSVJ5vbdaNg_aem_pEJ-5JWTNuXbjZbQULZgQg,8,9,0,0,0,0.0,0,0,0,0,0,
TOF+%7C+80k,T1+-+HIGHi,https://vibewithmoi.in/?utm_source=fb&utm_medium=paid&utm_campaign=TOF%2B%257C%2B80k&utm_content=80k%2BDABA&utm_term=T1%2B-%2BHIGHi&placement=Facebook_Right_Column&fbclid=IwZXh0bgNhZW0CMTEAAR69DzZvFYqhC8TJyxtECCV-USwWE0gmwxFyDWtmN1B0iXMpffNjdnP1rJmbZA_aem_e1H0SSGeANFut66XfpncDw,0,0,0,0,0,,1,1,0,0,0,0.0
TOF+%7C+80k,T1+-+LUXEi,https://vibewithmoi.in/?utm_source=fb&utm_medium=paid&utm_campaign=TOF%2B%257C%2B80k&utm_content=80k%2BDABA%2B%257C%2BRings&utm_term=T1%2B-%2BLUXEi&placement=Facebook_Right_Column&fbclid=IwZXh0bgNhZW0CMTEAAR5GH7MQVjUSw_tlAWdVPCLHB7djpuAxlL3WcRYyVNF7iFCKoEja-LejuRpx-Q_aem_jHLX0bg0_5CQCa8Twr6K8g,0,0,0,0,0,,12,16,0,0,0,1.25
TOF+%7C+ALL,T1+-+TRLi+-+FEED,https://vibewithmoi.in/?utm_source=fb&utm_medium=paid&utm_campaign=TOF%2B%257C%2BALL&utm_content=DABA%2B%25E2%2580%2593%2BALL&utm_term=T1%2B-%2BTRLi%2B-%2BFEED&placement=Facebook_Right_Column&fbclid=IwZXh0bgNhZW0CMTEAAR6x4EMcCUhyS_Gg_PyhKmEwGDK_H62K19u2SrbjlgKrNFBxsq8TLmdtsnyYzA_aem_FIhI-64g3u9yI8RRFxbR1Q,0,0,0,0,0,,4,6,0,0,0,3.5
TOF+%7C+All+That+Grace,ARL+%7C+IG,https://vibewithmoi.in/collections/all-about-pearls?utm_source=fb&utm_medium=paid&utm_campaign=TOF%2B%257C%2BAll%2BThat%2BGrace&utm_content=Jackie%2BNecklace%2B%257C%2BSV&utm_term=ARL%2B%257C%2BIG&placement=Facebook_Right_Column&fbclid=IwZXh0bgNhZW0CMTEAAR4j5ii2_8Th2CUcS3vw1mE9KZQ3DJ4Fkc7khZ7iPF663FKnZnxljZpaqo4nAQ_aem_4yMUZgkWpt26bxcuckefJg,4,6,0,0,0,,8,9,0,0,0,
TOF+%7C+All+That+Grace,ARL+%7C+IGi,https://vibewithmoi.in/collections/all-about-pearls?utm_source=fb&utm_medium=paid&utm_campaign=TOF%2B%257C%2BAll%2BThat%2BGrace&utm_content=Debbie%2BEarrings%2B%257C%2BSV&utm_term=ARL%2B%257C%2BIGi&placement=Facebook_Right_Column&fbclid=IwZXh0bgNhZW0CMTEAAR5H58qBscGdm7RH59p-yGxD0aZRCqUbQ2Z2YJVEbyDqpyXOIkWrbfO9NMiyPQ_aem_yo7efKLGpNKyX9rF3lh78Q,14,19,0,0,0,0.5,0,0,0,0,0,
TOF+%7C+CUSTOM+%7C+AUTO,TRL+%7C+IGi,https://vibewithmoi.in/collections/rings?utm_source=fb&utm_medium=paid&utm_campaign=TOF%2B%257C%2BCUSTOM%2B%257C%2BAUTO&utm_content=Amey%2BRing%2B%257C%2BSV&utm_term=TRL%2B%257C%2BIGi&placement=Facebook_Right_Column&fbclid=IwZXh0bgNhZW0CMTEAAR7eTCUQJvtzmUPC-9Rj79cW1EFmaq0ERUW2NpOrqePp5G_TXh7ukPufHyMBJQ_aem_KfG4qhf2aVI1jfRolMmTfQ,11,11,0,0,0,,8,9,0,0,0,
TOF+%7C+Chennai+Store,COM+-+LUXEi+-+IG,https://vibewithmoi.in/?utm_source=fb&utm_medium=paid&utm_campaign=TOF%2B%257C%2BChennai%2BStore&utm_content=Fragile%2BFresco%2B%257C%2BSV&utm_term=COM%2B-%2BLUXEi%2B-%2BIG&placement=Facebook_Right_Column&fbclid=IwZXh0bgNhZW0CMTEAAR7MqJDkYj4Se3CSFoiBj5vyCtIwoRq8V_s4514U5_JAWD2E7o8ed1P-d9sJhA_aem_l4dxewnzW_9GUhHX1jhe8A,0,0,0,0,0,,4,5,0,0,0,0.0
TOF+%7C+Chennai+Store,COM+-+TRLi+-+IG,https://vibewithmoi.in/?utm_source=fb&utm_medium=paid&utm_campaign=TOF%2B%257C%2BChennai%2BStore&utm_content=Emily%2BSouth%2BSea%2BPearl%2BNecklace%2B%257C%2BSV&utm_term=COM%2B-%2BTRLi%2B-%2BIG&placement=Facebook_Right_Column&fbclid=IwZXh0bgNhZW0CMTEAAR5wqk7sQnwyrXCiakEZqiSBAiAXictl-FGAvvI2bj6XleBtM2fij_38nSW38A_aem_mV5NTVGeg8xtBbmuORrdvw,0,0,0,0,0,,4,4,0,0,0,0.0
TOF+%7C+Chennai+Store,INT+JWLi+-+IG,https://vibewithmoi.in/?utm_source=fb&utm_medium=paid&utm_campaign=TOF%2B%257C%2BChennai%2BStore&utm_content=Tree%2Bof%2BLife%2BPendant%2B%257C%2BSV&utm_term=INT%2BJWLi%2B-%2BIG&placement=Facebook_Right_Column&fbclid=IwZXh0bgNhZW0CMTEAAR6wx1KuBarb6YDOTqkDdSDSymaR_IMd8vkZV2whd-IJtg27DdRzI1_vZ27vYA_aem_vGXShh_OH2WAZZ_LqDZPJg,0,0,0,0,0,,4,6,0,0,0,4.25
TOF+%7C+Chennai+Store,LUXEi+-+IG,https://vibewithmoi.in/?utm_source=fb&utm_medium=paid&utm_campaign=TOF%2B%257C%2BChennai%2BStore&utm_content=Revival%2BNecklace%2B%257C%2BSV&utm_term=LUXEi%2B-%2BIG&placement=Facebook_Right_Column&fbclid=IwZXh0bgNhZW0CMTEAAR7js31SJGsVdmXd-xEpo0i1E5mtIaNHykM1mEXLluge7cy3tmrClNjcR4LtHA_aem_8QnwB7F40cZnBd7rkkiULg,0,0,0,0,0,,10,15,0,0,0,0.0
TOF+%7C+Chennai+Store,OCCi+-+IG,https://vibewithmoi.in/?utm_source=fb&utm_medium=paid&utm_campaign=TOF%2B%257C%2BChennai%2BStore&utm_content=VIntage%2B%257C%2BSV&utm_term=OCCi%2B-%2BIG&placement=Facebook_Right_Column&fbclid=IwZXh0bgNhZW0CMTEAAR75Xw-d3TGq0GaD-NeLosTEKPwgyGmkPKehvGLuuUMNDHQhe0oGjMzl1TfzSQ_aem_IIDNrFAvapSEvSYmOGWFNw,0,0,0,0,0,,4,5,0,0,0,0.0
TOF+%7C+Chennai+Store,TRLi+-+IG,https://vibewithmoi.in/?utm_source=fb&utm_medium=paid&utm_campaign=TOF%2B%257C%2BChennai%2BStore&utm_content=Qutub%2BNecklace%2B%257C%2BSV&utm_term=TRLi%2B-%2BIG&placement=Facebook_Right_Column&fbclid=IwZXh0bgNhZW0CMTEAAR7Z6elZzQ_Sv0GIFdWggVidV8Xy0rdFHVWzEpdqKf6XWacS94BZXyNHTmF8Ww_aem_-6UQaR1uF_y1HTpeSfSa-w,0,0,0,0,0,,4,6,0,0,0,0.0
TOF+%7C+New+Arrivals,T1+-+INT+JWLi+-+FEED+SI,https://vibewithmoi.in/pages/the-green-room?utm_source=fb&utm_medium=paid&utm_campaign=TOF%2B%257C%2BNew%2BArrivals&utm_content=Green%2BRoom%2BI%2BSI%2B02&utm_term=T1%2B-%2BINT%2BJWLi%2B-%2BFEED%2BSI&placement=Facebook_Right_Column&fbclid=IwZXh0bgNhZW0CMTEAAR7u3M54CAITvzkapS2sip6SNkrdrvBEWx2gUXPQ8Z8UAK0xYHOsfmTL-wlf3g_aem_1RBZUFUuvQdch3sFDLJaCQ,21,24,0,0,0,0.6666666666666666,0,0,0,0,0,
TOF+%7C+New+Arrivals,T1+-+INT+JWLi+-+ST+SV,https://vibewithmoi.in/pages/the-green-room?utm_source=fb&utm_medium=paid&utm_campaign=TOF%2B%257C%2BNew%2BArrivals&utm_content=Green%2BRoom%2BI%2BST%2BSV%2B01&utm_term=T1%2B-%2BINT%2BJWLi%2B-%2BST%2BSV&placement=Facebook_Right_Column&fbclid=IwZXh0bgNhZW0CMTEAAR7wVVyNOrdz9yb2R6EhUaEu67wpJBSM8NcLMtnA6jaISWc-dcJC8c_wMnv52g_aem_hBZcdBkLq_m9F78kUzjVrw,8,8,0,0,0,0.0,0,0,0,0,0,
TOF+%7C+New+Arrivals,T1+-+TRLi+-+FEED+SV,https://vibewithmoi.in/pages/the-green-room?utm_source=fb&utm_medium=paid&utm_campaign=TOF%2B%257C%2BNew%2BArrivals&utm_content=Green%2BRoom%2BI%2BFEED%2BSV%2B01&utm_term=T1%2B-%2BTRLi%2B-%2BFEED%2BSV&placement=Facebook_Right_Column&fbclid=IwZXh0bgNhZW0CMTEAAR5n9YCGToaKKwh9mQhMNRYB3L0ra31mwGwZJ92zUYhsgpbHBC6AkI75TxEYMQ_aem_lM4NMq6BZr_fL_wHKQrkqQ,7,8,0,0,0,2.0,0,0,0,0,0,
TOF+%7C+New+Arrivals,T1+-+TRLi+-+RL+SV,https://vibewithmoi.in/pages/the-green-room?utm_source=fb&utm_medium=paid&utm_campaign=TOF%2B%257C%2BNew%2BArrivals&utm_content=Green%2BRoom%2BI%2BRL%2BSV%2B02&utm_term=T1%2B-%2BTRLi%2B-%2BRL%2BSV&placement=Facebook_Right_Column&fbclid=IwZXh0bgNhZW0CMTEAAR40js364yibo5eB_MT8XYg6FR5KjOUUBeoWeNeFF6z7RCvRSNQKQUJvsNh1hg_aem_S7a0v8B1ibVjSPpqw1Pd1g,19,23,0,0,0,1.3157894736842106,0,0,0,0,0,
TOF+%7C+New+Arrivals,T1+-+TRLi+-+ST+SI,https://vibewithmoi.in/pages/the-green-room?utm_source=fb&utm_medium=paid&utm_campaign=TOF%2B%257C%2BNew%2BArrivals&utm_content=Green%2BRoom%2BI%2BST%2BSI%2B01&utm_term=T1%2B-%2BTRLi%2B-%2BST%2BSI&placement=Facebook_Right_Column&fbclid=IwZXh0bgNhZW0CMTEAAR4y5hw_v58EsdgNdcVhIHUp9_4klBIDLEKMkQNt4gT51AUZ5bX167WUU3uz-Q_aem_qrfKfiHx5xL0QZ-Z1O5jEw,18,25,0,0,0,0.8333333333333334,0,0,0,0,0,
TOF+%7C+Story%2FReel,T1+%7C+LUXE+%7C+IGi+%7C+ST,https://vibewithmoi.in/products/ella-gold-ruby-and-yellow-sapphire-ring-set?utm_source=fb&utm_medium=paid&utm_campaign=TOF%2B%257C%2BStory%252FReel&utm_content=Ella%2BRings%2BI%2BSI&utm_term=T1%2B%257C%2BLUXE%2B%257C%2BIGi%2B%257C%2BST&placement=Facebook_Right_Column&fbclid=IwZXh0bgNhZW0CMTEAAR7uVvGQyOsf1eTEuHgEzozNM0VCfs764_plJ1zAzAxSFhYNEb0fbmP0YzWTxw_aem_9HZyRgmcKHv5_X6yaeR3Vg,0,0,0,0,0,,18,24,0,0,0,0.5
TOF+%7C+Story%2FReel,T1+%7C+TRL+%7C+IGi+%7C+RL,https://vibewithmoi.in/products/firdos-pearl-ruby-and-gold-chandelier-earrings?utm_source=fb&utm_medium=paid&utm_campaign=TOF%2B%257C%2BStory%252FReel&utm_content=Firdos%2BEarrings%2BI%2BRL&utm_term=T1%2B%257C%2BTRL%2B%257C%2BIGi%2B%257C%2BRL&placement=Facebook_Right_Column&fbclid=IwZXh0bgNhZW0CMTEAAR5Mu8KvowkIAtixxPJSPZ8RxmDiE9aBqR3E4GjtoWDGRlbmfmxtMQWh0sJXfg_aem_SfakuVhSQ-aYHtIz_cAC5Q,0,0,0,0,0,,39,45,0,0,0,0.41025641025641024
TOF+%7C+Story%2FReel,TRL+%7C+IGi+%7C+ST,https://vibewithmoi.in/products/nizam-emerald-and-ruby-ring?utm_source=fb&utm_medium=paid&utm_campaign=TOF%2B%257C%2BStory%252FReel&utm_content=Nizam%2BRing%2BI%2BSI&utm_term=TRL%2B%257C%2BIGi%2B%257C%2BST&placement=Facebook_Right_Column&fbclid=IwZXh0bgNhZW0CMTEAAR6gK9E43peKw6YnQcKH0gNy4C_J3Zux-N2EixJvgz5aDONHkGMi1w2Kub4b_Q_aem_3ZxETBFtwH7czuQCMMiWNA,14,17,0,0,0,,5,5,0,0,0,
The behno New York x Moi collaboration,The behno New York x Moi collaboration - Reach,https://vibewithmoi.in/?utm_source=ig&utm_medium=paid&utm_campaign=The+behno+New+York+x+Moi+collaboration&utm_content=The+behno+New+York+x+Moi+collaboration&utm_term=The+behno+New+York+x+Moi+collaboration+-+Reach&placement=Instagram_Feed&utm_id=120232485417830313_v2_s09_e7262&fbclid=PAZXh0bgNhZW0BMABhZGlkAasnF8v8chkBpzkgcYu7baL7qeVm93ba6I8HiKqmE02FYCUZKBmrlz4vjGaQKMJS1dRI4wgF_aem_gJa1Bm3gXIlFKOxZmIQ1kA&campaign_id=120232485417830313&ad_id=120232485430510313,196,203,0,0,0,0.061224489795918366,0,0,0,0,0,
The+behno+New+York+x+Moi+collaboration,The+behno+New+York+x+Moi+collaboration+-+Reach,https://vibewithmoi.in/?utm_source=fb&utm_medium=paid&utm_campaign=The%2Bbehno%2BNew%2BYork%2Bx%2BMoi%2Bcollaboration&utm_content=The%2Bbehno%2BNew%2BYork%2Bx%2BMoi%2Bcollaboration&utm_term=The%2Bbehno%2BNew%2BYork%2Bx%2BMoi%2Bcollaboration%2B-%2BReach&placement=Facebook_Right_Column&fbclid=IwZXh0bgNhZW0CMTEAAR55Zz-uyWHGLsa4aPYV-ac8fz0XAjWlQf0Vuj8fE_CMNLLNApmxSdu3qnLH6Q_aem_XNH3TQtpCemTdktD2fPInA,0,0,0,0,0,,4,4,0,0,0,0.0
tof | and,tof | mumbai | trla,https://vibewithmoi.in/products/marrakesh-gold-silver-diamond-emerald-and-blue-enamel-ring?variant=41171889553471&utm_source=ig&utm_medium=paid&utm_campaign=tof%20|%20and&utm_content=daba%20%E2%80%93%20all&utm_term=tof%20|%20mumbai%20|%20trla&placement=instagram_feed&utm_id=120230914825700313_v2_s04_e283&fbclid=payw9leamrxuzlehrua2flbqewagfkawqbqyy9kpblsqgncpsgdadamw_9clzpin8o0ssreibfwyukkvy7pvmyh_l_3ydwdz4p3lgjwzi_aem_huyldusgltt76whe9v7zaw&campaign_id=120230914825700313&ad_id=120230916336950313,0,0,0,0,0,,1,1,0,0,0,0.0
