Phase,Task,Description,Status,Priority,Owner,Estimated Hours,Dependencies
Foundation Setup,Infrastructure Provisioning,Set up cloud infrastructure (VPC network security groups),Pending,High,DevOps Team,16,None
Foundation Setup,Redis Cluster Setup,Deploy and configure Redis cluster for caching,Pending,High,Database Team,12,Infrastructure Provisioning
Foundation Setup,InfluxDB Installation,Install and configure InfluxDB for time-series data,Pending,High,Database Team,10,Infrastructure Provisioning
Foundation Setup,PostgreSQL Setup,Set up PostgreSQL cluster with high availability,Pending,High,Database Team,14,Infrastructure Provisioning
Foundation Setup,Monitoring Stack,Deploy Prometheus and Grafana for monitoring,Pending,Medium,DevOps Team,8,Infrastructure Provisioning
Foundation Setup,Development Environment,Set up development and staging environments,Pending,Medium,Development Team,6,Infrastructure Provisioning
Core Features,CSV Processing Pipeline,Deploy memory-efficient CSV processing system,Pending,High,Development Team,20,Foundation Setup
Core Features,ML Data Transformation,Implement ML-powered data cleaning workflows,Pending,High,ML Team,24,CSV Processing Pipeline
Core Features,Real-time Aggregation,Deploy real-time aggregation engine,Pending,High,Development Team,18,CSV Processing Pipeline
Core Features,API Gateway,Implement FastAPI with sub-second performance,Pending,High,API Team,16,Real-time Aggregation
Core Features,Authentication System,Implement JWT-based authentication and authorization,Pending,Medium,Security Team,12,API Gateway
Core Features,Basic Dashboard Integration,Connect API to dashboard frontend,Pending,Medium,Frontend Team,10,API Gateway
Advanced Features,Performance Optimization,Implement advanced performance optimization techniques,Pending,High,Performance Team,22,Core Features
Advanced Features,GPU Acceleration,Set up GPU acceleration for compatible operations,Pending,Low,ML Team,16,Performance Optimization
Advanced Features,Advanced Caching,Implement multi-level caching strategies,Pending,Medium,Development Team,14,Performance Optimization
Advanced Features,Security Hardening,Implement comprehensive security measures,Pending,High,Security Team,18,Authentication System
Advanced Features,Monitoring Dashboards,Create comprehensive monitoring and alerting,Pending,Medium,DevOps Team,12,Monitoring Stack
Advanced Features,Rate Limiting,Implement intelligent rate limiting and throttling,Pending,Medium,API Team,8,API Gateway
Production Optimization,Load Testing,Conduct comprehensive load testing,Pending,High,QA Team,16,Advanced Features
Production Optimization,Performance Tuning,Fine-tune system for production workloads,Pending,High,Performance Team,20,Load Testing
Production Optimization,Security Audit,Conduct security audit and penetration testing,Pending,High,Security Team,24,Security Hardening
Production Optimization,Documentation,Complete technical and user documentation,Pending,Medium,Technical Writing,16,All Features
Production Optimization,Training Materials,Create training materials and user guides,Pending,Medium,Training Team,12,Documentation
Production Optimization,Disaster Recovery,Implement and test disaster recovery procedures,Pending,High,DevOps Team,18,Production Tuning
Production Optimization,Go-Live Preparation,Final preparation and deployment to production,Pending,Critical,Project Manager,8,All Tasks
Production Optimization,User Acceptance Testing,Conduct user acceptance testing with stakeholders,Pending,High,QA Team,16,Documentation